HALLMARK_ADIPOGENESIS,HALLMARK_ALLOGRAFT_REJECTION,HALLMARK_ANDROGEN_RESPONSE,HALLMARK_ANGIOGENESIS,HALLMARK_APICAL_JUNCTION,HALLMARK_APICAL_SURFACE,HALLMARK_APOPTOSIS,HALLMARK_BILE_ACID_METABOLISM,HALLMARK_CHOLESTEROL_HOMEOSTASIS,HALLMARK_COAGULATION,HALLMARK_COMPLEMENT,HALLMARK_DNA_REPAIR,HALLMARK_E2F_TARGETS,HALLMARK_EPITHELIAL_MESENCHYMAL_TRANSITION,HALLMARK_ESTROGEN_RESPONSE_EARLY,HALLMARK_ESTROGEN_RESPONSE_LATE,HALLMARK_FATTY_ACID_METABOLISM,HALLMARK_G2M_CHECKPOINT,HALLMARK_GLYCOLYSIS,HALLMARK_HEDGEHOG_SIGNALING,HALLMARK_HEME_METABOLISM,HALLMARK_HYPOXIA,HALLMARK_IL2_STAT5_SIGNALING,HALLMARK_IL6_JAK_STAT3_SIGNALING,HALLMARK_INFLAMMATORY_RESPONSE,HALLMARK_INTERFERON_ALPHA_RESPONSE,HALLMARK_INTERFERON_GAMMA_RESPONSE,HALLMARK_KRAS_SIGNALING_DN,HALLMARK_KRAS_SIGNALING_UP,HALLMARK_MITOTIC_SPINDLE,HALLMARK_MTORC1_SIGNALING,HALLMARK_MYC_TARGETS_V1,HALLMARK_MYC_TARGETS_V2,HALLMARK_MYOGENESIS,HALLMARK_NOTCH_SIGNALING,HALLMARK_OXIDATIVE_PHOSPHORYLATION,HALLMARK_P53_PATHWAY,HALLMARK_PANCREAS_BETA_CELLS,HALLMARK_PEROXISOME,HALLMARK_PI3K_AKT_MTOR_SIGNALING,HALLMARK_PROTEIN_SECRETION,HALLMARK_REACTIVE_OXYGEN_SPECIES_PATHWAY,HALLMARK_SPERMATOGENESIS,HALLMARK_TGF_BETA_SIGNALING,HALLMARK_TNFA_SIGNALING_VIA_NFKB,HALLMARK_UNFOLDED_PROTEIN_RESPONSE,HALLMARK_UV_RESPONSE_DN,HALLMARK_UV_RESPONSE_UP,HALLMARK_WNT_BETA_CATENIN_SIGNALING,HALLMARK_XENOBIOTIC_METABOLISM,gene_set_tcga2
ABCA1,ABCE1,ABCC4,APOH,ACTA1,ADAM10,ADD1,ABCA1,ABCA2,A2M,ACTN2,AAAS,AK2,ABI3BP,ABAT,ABCA3,AADAT,ABL1,ABCB6,ACHE,ABCB6,ACKR3,ABCB1,A2M,ABCA1,ADAR,ADAR,ABCB11,ABCB1,ABI1,ABCF2,ABCE1,AIMP2,ABLIM1,APH1A,ABCB7,ABAT,ABCC8,ABCB1,ACACA,ABCA1,ABCC1,ACE,ACVR1,ABCA1,ALDH18A1,ABCC1,ABCB1,ADAM17,ABCC2,PCBP1
ABCB8,ABI1,ABHD2,APP,ACTB,ADIPOR2,AIFM3,ABCA2,ACAT2,ACOX2,ADAM9,ADA,ANP32E,ACTA2,ABCA3,ABHD2,ACAA1,AMD1,ADORA2B,AMOT,ABCG2,ADM,ADAM19,ACVR1B,ABI1,B2M,APOL6,ABCG4,ACE,ABL1,ACACA,ACP1,BYSL,ACHE,ARRB1,ACAA1,ABCC5,AKT3,ABCB4,ACTR2,ADAM10,ATOX1,ACRBP,APC,ACKR3,ARFGAP1,ACVR2A,ACAA1,AXIN1,ABCC3,PABPN1
ACAA2,ACHE,ACSL3,CCND2,ACTC1,AFAP1L2,ANKH,ABCA3,ACSS2,ADAM9,ADRA2B,ADCY6,ASF1A,ADAM12,ABHD2,ACOX2,ACAA2,ARID4A,AGL,CDK5R1,ACKR1,ADORA2B,AGER,ACVRL1,ACVR1B,BATF2,ARID5B,ACTC1,ADAM17,ABR,ACLY,AIMP2,CBX3,ACSL1,CCND1,ACAA2,ABHD4,CHGA,ABCB9,ACTR3,ANP32E,CAT,ACRV1,ARID4B,AREG,ASNS,ADD3,ALAS1,AXIN2,ABCD2,PTPRF
ACADL,ACVR2A,ACTN1,COL3A1,ACTG1,AKAP7,ANXA1,ABCA4,ACTG1,ANG,AKAP10,ADRM1,ASF1B,ANPEP,ABLIM1,ADD3,ACADL,ATF5,AGRN,CDK6,ACP5,AKAP12,AHCY,BAK1,ACVR2A,BST2,ARL4A,ADRA2C,ADAM8,ACTN4,ACSL3,AP3S1,CDK4,ACTA1,CUL1,ACADM,ACVR1B,DCX,ABCC5,ADCY2,AP1G1,CDKN2D,ACTL7B,BCAR3,ATF3,ATF3,ADORA2B,ALDOA,CCND2,ABHD6,DANCR
ACADM,AKT1,ADAMTS1,COL5A2,ACTG2,APP,APP,ABCA5,ADH4,ANXA1,ANG,AK1,ATAD2,APLP1,ADCY1,AFF1,ACADM,ATRX,AK3,CELSR1,ACSL6,ALDOA,AHNAK,CBL,ADM,C1S,AUTS2,AKR1B10,ADAMDEC1,AKAP13,ACTR2,APEX1,DCTPP1,ACTC1,DLL1,ACADSB,ADA,DPP4,ABCC8,AKT1,AP2B1,EGLN2,ADAD1,BMP2,ATP2B1,ATF4,AGGF1,AMD1,CSNK1E,ACO2,MYC
ACADS,APBB1,ADRM1,FGFR1,ACTN1,ATP6V0A4,ATF3,ABCA6,ALCAM,APOA1,ANXA5,AK3,AURKA,AREG,ADCY9,AGR2,ACADS,AURKA,AKR1A1,CNTFR,ADD1,ALDOB,AHR,CCL7,ADORA2B,CASP1,B2M,ALOX12B,AKAP12,ALMS1,ACTR3,BUB3,DDX18,ACTN2,DTX1,ACADVL,AEN,ELP4,ABCD1,AKT1S1,AP2M1,ERCC2,ADAM2,BMPR1A,B4GALT1,ATF6,AKT3,AP2S1,CTNNB1,ACOX1,
ACLY,B2M,AKAP12,FSTL1,ACTN2,ATP8B1,BAX,ABCA8,ALDOC,APOC1,APOA4,ALYREF,AURKB,BASP1,ADD3,ALDH3A2,ACADVL,AURKB,ALDH7A1,CRMP1,ADD2,ALDOC,ALCAM,CCR1,ADRM1,CASP8,BANK1,AMBN,AKT2,ALS2,ADD3,C1QBP,DUSP2,ACTN3,DTX2,ACAT1,AK1,FOXA2,ABCD2,AP2M1,AP2S1,FES,ADCYAP1,BMPR2,B4GALT5,ATP6V0D1,AMPH,APOM,CUL1,ACOX2,
ACO2,BCAT1,AKT1,ITGAV,ACTN3,B4GALT1,BCAP31,ABCA9,ANTXR2,APOC2,APOBEC3F,APRT,BARD1,BDNF,AFF1,ALDH3B1,ACAT2,BARD1,ALDH9A1,ETS2,ADIPOR1,AMPD3,AMACR,CD14,AHR,CCRL2,BATF2,ARHGDIG,ALDH1A2,ANLN,ADIPOR2,CAD,EXOSC5,ADAM12,DTX4,ACO2,ALOX15B,FOXO1,ABCD3,ARF1,AP3B1,FTL,AGFG1,CDH1,BCL2A1,BAG3,ANXA2,AQP3,DKK1,ACOX3,
ACOX1,BCL10,ALDH1A3,JAG1,ACTN4,BRCA1,BCL10,ABCD1,ANXA13,APOC3,APOBEC3G,ARL6IP1,BIRC5,BGN,ALDH3B1,AMFR,ACO2,BCL3,ALDOA,GLI1,AGPAT4,ANGPTL4,ANXA4,CD38,APLNR,CD47,BPGM,ARPP21,ALDH1A3,APC,ALDOA,CANX,FARSA,ADCY9,FZD1,AFG3L2,ANKRA2,G6PC2,ACAA1,ARHGDIA,AP3S1,G6PD,AKAP4,CDK9,BCL3,CALR,ANXA4,ARRB2,DKK4,ACP1,
ADCY6,BCL3,ANKH,JAG2,ADAM15,CD160,BCL2L1,ABCD2,ANXA5,BMP1,APOC1,BCAM,BRCA1,BMP1,AMFR,ANXA9,ACOT2,BIRC5,ALDOB,HEY1,AHSP,ANKZF1,APLP1,CD44,AQP9,CD74,BST2,ASB7,AMMECR1,ARAP3,ARPC5L,CBX3,GNL3,AEBP1,FZD5,AIFM1,APAF1,GCG,ACOT8,ARPC3,ARCN1,GCLC,ALOX15,CDKN1C,BCL6,CCL2,APBB2,ASNS,DLL1,ACP2,
ADIG,BRCA1,APPBP2,KCNJ8,ADAM23,CX3CL1,BCL2L10,ABCD3,ATF3,C1QA,ATOX1,BCAP31,BRCA2,CADM1,ANXA9,AREG,ACOT8,BRCA2,ALG1,HEY2,ALAD,ANXA2,ARL4A,CD9,ATP2A2,CMPK2,BTG1,ATP4A,ANGPTL4,ARF6,ASNS,CCNA2,GRWD1,AGL,FZD7,ALAS1,APP,GCK,ACOX1,ATF1,ARF1,GCLM,ARL4A,CTNNB1,BHLHE40,CEBPB,ARHGEF9,ATF3,DVL2,ACSM1,
ADIPOQ,C2,ARID5B,LPL,ADAM9,DCBLD2,BCL2L11,ABCG4,ATF5,C1R,BRPF3,BOLA2,BRMS1L,CALD1,AQP3,ARL3,ACOX1,BUB1,ANG,L1CAM,ALAS2,ATF3,BATF,CNTFR,ATP2B1,CNP,C1R,ATP6V1B1,ANKH,ARFGEF1,ATP2A2,CCT2,HK2,AGRN,HES1,ALDH6A1,ATF3,HNF1A,ACSL1,CAB39,ARFGAP3,GLRX,ART3,ENG,BIRC2,CEBPG,ATP2B1,ATP6V1C1,FRAT1,ADH1C,
ADIPOR2,CAPG,AZGP1,LRPAP1,ADAMTS5,EFNA5,BCL2L2,ABCG8,ATXN2,C1S,C1QA,BRF2,BUB1B,CALU,AR,ASCL1,ACSL1,BUB3,ANGPTL4,LDB1,ALDH1L1,ATP7A,BATF3,CRLF2,ATP2C1,CSF1,C1S,BARD1,ANO1,ARFIP2,ATP6V1D,CCT3,HSPD1,AK1,HEYL,ATP1B1,BAIAP2,IAPP,ACSL4,CAB39L,ARFGEF1,GLRX2,AURKA,FKBP1A,BIRC3,CHAC1,ATP2B4,ATP6V1F,FZD1,ADH5,
AGPAT3,CARTPT,B2M,LUM,ADRA1B,EPHB4,BGN,ACSL1,AVPR1A,C2,C1QC,CANT1,CBX5,CAP2,AREG,ASS1,ACSL4,CASP8AP2,ANKZF1,MYH9,ALDH6A1,B3GALT6,BCL2,CSF1,AXL,CXCL10,CASP1,BMPR1B,ANXA10,ARHGAP10,AURKA,CCT4,HSPE1,AKT2,JAG1,ATP6AP1,BAK1,INS,ACSL5,CALR,ARFGEF2,GPX3,BRAF,FNTA,BMP2,CKS1B,ATP2C1,BAK1,FZD8,ADH7,
AIFM1,CCL11,B4GALT1,MSX1,AKT2,FLOT2,BID,ACSL5,CBS,C3,C1R,CDA,CCNB2,CAPG,ARL3,ATP2B4,ACSL5,CBX1,ARPP19,NF1,ANK1,B4GALNT2,BCL2L1,CSF2,BDKRB1,CXCL11,CASP3,BRDT,APOD,ARHGAP27,BCAT1,CCT5,IMP4,ANKRD2,KAT2A,ATP6V0B,BAX,INSM1,ALB,CAMK4,ARFIP1,GPX4,BUB1,FURIN,BTG1,CNOT2,ATRN,BCL2L11,GNAI1,AHCY,
AK2,CCL13,BMPR1B,NRP1,AKT3,GAS1,BIK,AGXT,CD9,C8A,C1S,CETN2,CCNE1,CD44,ASB13,BAG1,ACSM3,CCNA2,ARTN,NKX6-1,AQP3,BCAN,BHLHE40,CSF2RA,BEST1,DDX60,CASP4,BTG2,ARG1,ARHGAP29,BHLHE40,CCT7,IPO4,APLNR,LFNG,ATP6V0C,BLCAP,ISL1,ALDH1A1,CDK1,ATP1A1,GSR,CAMK4,HDAC1,BTG2,CNOT4,ATRX,BID,HDAC2,AKR1C2,
ALDH2,CCL19,CAMKK2,OLR1,ALOX15B,GATA3,BIRC3,AKR1D1,CHKA,C8B,C2,CLP1,CDC20,CD59,B4GALT1,BATF,ACSS1,CCNB2,AURKA,NRCAM,ARHGEF12,BCL2,BMP2,CSF2RB,BST2,DHX58,CASP7,C5,ATG10,ARHGAP4,BTG2,CDC20,LAS1L,APP,MAML2,ATP6V0E1,BMP2,LMO2,ALDH9A1,CDK2,ATP6V1B1,HHEX,CCNA1,HIPK2,BTG3,CNOT6,ATXN1,BMP2,HDAC5,AKR1C3,
ALDOA,CCL2,CCND1,PDGFA,AMH,GHRL,BMF,ALDH1A1,CLU,C8G,C3,CMPK2,CDC25A,CDH11,BAG1,BCL2,ADH1C,CCND1,B3GALT6,NRP1,ARL2BP,BGN,BMPR2,CSF3R,BTG2,EIF2AK2,CASP8,CACNA1F,AVL9,ARHGAP5,BUB1,CDC45,MAP3K6,ATP2A1,NOTCH1,ATP6V1C1,BTG1,MAFB,ATXN1,CDK4,ATP6V1H,HMOX2,CCNB2,ID1,CCL2,CXXC1,BCKDHB,BSG,HEY1,ALAS1,
ANGPT1,CCL22,CCND3,PF4,AMIGO1,GSTM3,BMP2,ALDH8A1,CTNNB1,C9,C4BPB,COX17,CDC25B,CDH2,BCL11B,BLVRB,ADH7,CCNF,B3GAT1,NRP2,ASNS,BHLHE40,CA2,CXCL1,C3AR1,EPSTI1,CCL2,CACNG1,BIRC3,ARHGDIA,CACYBP,CDK2,MCM4,ATP6AP1,NOTCH2,ATP6V1D,BTG2,NEUROD1,BCL10,CDKN1A,ATP7A,JUNB,CCT6B,ID2,CCL20,DCP1A,BDNF,BTG1,HEY2,ALDH2,
ANGPTL4,CCL4,CDC14B,PGLYRP1,AMIGO2,HSPB1,BNIP3L,ALDH9A1,CXCL16,CAPN2,C9,CSTF3,CDCA3,CDH6,BCL2,BTG3,ADIPOR2,CCNT1,B3GAT3,OPHN1,ATG4A,BNIP3L,CAPG,CXCL10,C5AR1,GBP2,CCL5,CALCB,BMP2,ARHGEF11,CALR,CDK4,MCM5,BAG1,NOTCH3,ATP6V1E1,CASP1,NEUROG3,CACNA1B,CDKN1B,BET1,LSP1,CDK1,ID3,CCL4,DCP2,BHLHE40,BTG2,JAG1,ALDH3A1,
APLP2,CCL5,CDK6,POSTN,ARHGEF6,IL2RB,BRCA1,AMACR,CYP51A1,CAPN5,CA2,DAD1,CDCA8,COL11A1,BHLHE40,CA12,ADSL,CDC20,B3GNT3,PLG,ATP6V0A1,BRS3,CAPN3,CXCL11,CALCRL,GBP4,CCL7,CALML5,BPGM,ARHGEF12,CANX,CLNS1A,MRTO4,BDKRB2,PPARD,ATP6V1F,CCND2,NKX2-2,CADM1,CFL1,BNIP3,MBP,CDKN3,IFNGR2,CCL5,DCTN1,BMPR1A,BTG3,JAG2,ALDH9A1,
APOE,CCL7,CENPN,PRG2,ARPC2,IL2RG,BTG2,APOA1,DHCR7,CASP9,CALM1,DCTN4,CDK1,COL12A1,BLVRB,CA2,ALAD,CDC25A,B4GALT1,PML,BACH1,BTG1,CASP3,CXCL13,CCL17,GMPR,CD274,CAMK1D,BTBD3,ARHGEF2,CCNF,CNBP,MYBBP1A,BHLHE40,PRKCA,ATP6V1G1,CCND3,NKX6-1,CAT,CLTC,CAV2,MGST1,CFTR,JUNB,CCND1,DDIT4,CACNA1A,C4BPB,KAT2A,ANGPTL3,
ARAF,CCND2,DBI,PTK2,ATP1A3,LYN,BTG3,AQP9,EBP,CD9,CALM3,DDB1,CDK4,COL16A1,CA12,CACNA2D2,ALDH1A1,CDC25B,B4GALT2,PTCH1,BCAM,CA12,CCND2,CXCL3,CCL2,HERC6,CD38,CAPN9,BTC,ARHGEF3,CCNG1,COPS5,MYC,BIN1,PSEN2,ATP6V1H,CCNG1,PAK3,CDK7,CSNK2B,CD63,MPO,CHFR,KLF10,CCNL1,DDX10,CAP2,CA2,LEF1,AOX1,
ARL4A,CCND3,DHCR24,S100A4,B4GALT1,LYPD3,CASP1,AR,ECH1,CFB,CASP1,DDB2,CDKN1A,COL1A1,CALB2,CALCR,ALDH3A1,CDC27,B4GALT4,RASA1,BLVRA,CASP6,CCND3,CXCL9,CCL20,HLA-C,CD40,CCDC106,C3AR1,ARHGEF7,CD9,COX5A,NDUFAF4,CACNA1H,PSENEN,BAX,CCNK,PAX4,CEL,CXCR4,CLCN3,MSRA,CHRM4,LEFTY2,CCRL2,DKC1,CAV1,CASP3,MAML1,AP4B1,
ATL2,CCR1,DNAJB9,SERPINA5,BAIAP2,MAL,CASP2,ATXN1,ERRFI1,CFD,CASP10,DGCR8,CDKN1B,COL1A2,CALCR,CAV1,ALDH3A2,CDC45,B4GALT7,RTN1,BLVRB,CAV1,CCNE1,DNTT,CCL22,IFI27,CD69,CCNA1,CA2,ARL8A,CDC25A,CSTF2,NIP7,CACNG1,RBX1,BCKDHA,CD81,PAX6,CLN6,DAPP1,CLN5,NDUFA6,CLGN,LTBP2,CD44,DNAJA4,CDC42BPA,CCND3,MYC,APOE,
ATP1B3,CCR2,ELK4,SLCO2A1,BMP1,MDGA1,CASP3,BBOX1,ETHE1,CFH,CASP3,DGUOK,CDKN2A,COL3A1,CANT1,CCNA1,ALDH9A1,CDC6,BIK,SCG2,BMP2K,CCNG2,CCR4,EBI3,CCL24,IFI30,CD74,CCR8,CAB39L,ATG4B,CDKN1A,CUL1,NOC4L,CAMK2B,SAP30,BDH2,CD82,PCSK1,CLN8,DDIT3,CLTA,NDUFB4,CLPB,MAP3K7,CD69,DNAJB9,CDK13,CCNE1,NCOR2,AQP9,
BAZ2A,CCR5,ELL2,SPP1,CADM2,NCOA6,CASP4,BCAR3,FABP5,CFI,CASP4,DUT,CDKN2C,COL4A1,CBFA2T3,CCND1,ALDOA,CDC7,BPNT1,SHH,BNIP3L,CDKN1A,CD44,FAS,CCL5,IFI35,CD86,CD207,CBL,AURKA,CFP,CYC1,NOLC1,CASQ1,SKP1,CASP7,CDH13,PCSK2,CNBP,DUSP3,CLTC,NDUFS2,CLVS1,NCOR2,CD80,DNAJC3,CDKN1B,CDC34,NCSTN,ARG1,
BCKDHA,CD1D,ELOVL5,STC1,CADM3,NTNG1,CASP6,BMP6,FADS2,CLU,CASP5,EDF1,CDKN3,COL4A2,CCND1,CD44,AOC3,CDK1,CACNA1H,SLIT1,BPGM,CDKN1B,CD48,GRB2,CCL7,IFI44,CDKN1A,CD40LG,CBR4,BCAR1,COPS5,DDX18,NOP16,CASQ2,ST3GAL6,COX10,CDK5R1,PDX1,CRABP1,E2F1,COG2,NQO1,CNIH2,NOG,CD83,EDC4,CDON,CDC5L,NKD1,ARG2,
BCL2L13,CD2,FADS1,THBD,CALB2,PCSK9,CASP7,CAT,FASN,COMP,CASP7,EIF1B,CENPE,COL5A1,CD44,CD9,APEX1,CDK4,CAPN5,THY1,BSG,CDKN1C,CD79B,HAX1,CCR7,IFI44L,CFB,CD80,CBX8,BCL2L11,CORO1A,DDX21,NOP2,CAV3,TCF7L2,COX11,CDKN1A,PKLR,CRABP2,ECSIT,COPB1,OXSR1,COIL,PMEPA1,CDKN1A,EDEM1,CELF2,CDK2,NOTCH1,ARPP19,
BCL6,CD247,FKBP5,TIMP1,CAP1,PKHD1,CASP8,CH25H,FBXO6,CPB2,CASP9,ELL,CENPM,COL5A2,CELSR1,CDC20,AQP7,CDKN1B,CASP6,TLE1,BTG2,CHST2,CD81,HMOX1,CCRL2,IFIH1,CFH,CDH16,CCL20,BCR,CTH,DEK,NOP56,CD36,WNT2,COX15,CDKN2A,SCGN,CRAT,EGFR,COPB2,PDLIM1,CRISP2,PPM1A,CEBPB,EEF2,CITED2,CDKN1C,NOTCH4,ASL,
C3,CD28,GNAI3,TNFRSF21,CD209,PLAUR,CASP9,CROT,FDFT1,CPN1,CBLB,ERCC1,CHEK1,COL5A3,CELSR2,CDC6,AUH,CDKN2C,CD44,TLE3,BTRC,CHST3,CD83,IFNAR1,CD14,IFIT2,CIITA,CDKAL1,CCND2,BIN1,CTSC,DHX15,NPM1,CDH13,WNT5A,COX17,CDKN2AIP,SEC11A,CTBP1,EIF4E,COPE,PFKP,CSNK2A2,PPP1CA,CEBPD,EIF2AK3,COL11A1,CDKN2B,NUMB,ATOH8,
CAT,CD3D,GPD1L,VAV2,CD274,RHCG,CAV1,CYP27A1,FDPS,CRIP2,CCL5,ERCC2,CHEK2,COL6A2,CHPT1,CDH1,BCKDHB,CDKN3,CDK1,UNC5C,C3,CITED2,CDC42SE2,IFNGR1,CD40,IFIT3,CMKLR1,CELSR2,CD37,BIRC5,CXCR4,DUT,PA2G4,CDKN1A,,COX4I1,CDKN2B,SLC2A2,DHCR24,FASLG,DNM1L,PRDX1,CST8,PPP1R15A,CFLAR,EIF2S1,COL1A1,CDO1,PPARD,ATP2A2,
CCNG2,CD3E,GSR,VCAN,CD276,RTN4RL1,CCNA1,CYP39A1,GLDC,CSRP1,CD36,ERCC3,CIT,COL6A3,CISH,CELSR2,BLVRA,CENPA,CENPA,VEGFA,CA1,COL5A1,CDC6,IFNGR2,CD48,IFITM1,CMPK2,CHRNG,CDADC1,BRCA2,CYB5B,EEF1B2,PES1,CFD,,COX5A,CEBPA,SPCS1,DHRS3,FGF17,DST,PRDX2,DBF4,RAB31,CLCF1,EIF4A1,COL1A2,CEBPG,PSEN2,BCAR1,
CD151,CD3G,HERC3,VEGFA,CD34,SCUBE1,CCND1,CYP46A1,GNAI1,CTSB,CD40LG,ERCC4,CKS1B,COL7A1,CLDN7,CHPT1,BMPR1B,CENPE,CHPF,VLDLR,CA2,CP,CDCP1,IL10RB,CD55,IFITM2,CSF2RB,CHST2,CFB,BUB1,CYP51A1,EIF1AX,PLK1,CHRNA1,,COX5B,CGRRF1,SRP9,DIO1,FGF22,EGFR,PRDX4,DCC,SERPINE1,CSF1,EIF4A2,COL3A1,CHKA,PTCH1,BCAT1,
CD302,CD4,HMGCR,VTN,CD86,SHROOM2,CCND2,CYP7A1,GPX8,CTSE,CD46,ERCC5,CKS2,COL8A2,CLIC3,CHST8,BPHL,CENPF,CHPF2,,CAST,CSRP2,CDKN1C,IL12RB1,CD69,IFITM3,CXCL10,CKM,CFH,CAPZB,DAPP1,EIF2S1,PLK4,CHRNB1,,COX6A1,CLCA2,SRPRB,DLG4,FGF6,ERGIC3,PRDX6,DDX25,SKI,CSF2,EIF4A3,COL5A2,CHRNA5,RBPJ,BLVRB,
CD36,CD40,HMGCS1,,CD99,SLC22A12,CD14,CYP7B1,GSTM2,CTSH,CD55,ERCC8,CSE1L,COMP,CXCL12,CISH,CA2,CHAF1A,CHST1,,CAT,CXCR4,CISH,IL13RA1,CD70,IL15,CXCL11,CLDN16,CFHR2,CCDC88A,DDIT3,EIF2S2,PPAN,CHRNG,,COX6B1,CSRNP2,SST,ECH1,GNA14,GALC,PRNP,DDX4,SKIL,CXCL1,EIF4E,DAB2,CLCN2,SKP2,BPHL,
CDKN2C,CD40LG,HOMER2,,CDH1,SLC2A4,CD2,CYP8B1,GUSB,CTSK,CD59,FEN1,CTCF,COPA,CYP26B1,CKB,CA4,CHEK1,CHST12,,CCDC28A,DCN,CKAP4,IL15RA,CD82,IL4R,CXCL9,CLDN8,CIDEA,CCNB2,DDIT4,EIF3B,PPRC1,CKB,,COX6C,CTSD,STXBP1,EHHADH,GNGT1,GBF1,SBNO2,DMC1,SLC20A1,CXCL10,EIF4EBP1,DBP,CLTB,TCF7,CA2,
CHCHD10,CD47,HPGD,,CDH11,SLC34A3,CD38,DHCR24,HMGCR,CTSO,CDA,GMPR2,DCK,CRLF1,DHCR7,CLIC3,CA6,CHMP1A,CHST2,,CCND3,DDIT3,COCH,IL17RA,CDKN1A,IL7,DDX58,CLPS,CLEC4A,CD2AP,DHCR24,EIF3D,PRMT3,CKM,,COX7A2,CTSF,SYT13,ELOVL5,GRB2,GLA,SOD1,DMRT1,SMAD1,CXCL11,EIF4G1,DDAH1,CNP,TP53,CASP6,
CHUK,CD7,HSD17B14,,CDH15,SRPX,CD44,DIO1,HMGCS1,DCT,CDH13,GPX4,DCLRE1B,CTHRC1,DHRS2,COX6C,CBR1,CKS1B,CHST6,,CDC27,DDIT4,COL6A1,IL17RB,CHST2,IRF1,DDX60,CLSTN3,CMKLR1,CDC27,DHCR7,EIF3J,PUS1,CKMT2,,COX7A2L,CYFIP2,VDR,EPHX2,GSK3B,GNAS,SOD2,DNAJB8,SMAD3,CXCL2,ERN1,DLC1,COL2A1,WNT1,CAT,
CIDEA,CD74,IDI1,,CDH3,SULF2,CD69,DIO2,HSD17B7,DPP4,CDK5R1,GTF2A2,DCTPP1,CXCL1,DHRS3,CPE,CBR3,CKS2,CITED2,,CDR2,DPYSL4,CSF1,IL18R1,CLEC5A,IRF2,DHX58,CNTFR,CPE,CDC42,DHFR,EIF4A1,RABEPK,CLU,,COX7B,DCXR,,ERCC1,HRAS,GOLGA4,SRXN1,DPEP3,SMAD6,CXCL3,EXOC2,DLG1,CREG1,WNT5B,CBR1,
CMBL,CD79A,INPP4B,,CDH4,THY1,CDC25B,EFHC1,IDI1,DUSP14,CEBPB,GTF2B,DEK,CXCL12,DLC1,CXCL12,CD1D,CTCF,CLDN3,,CIR1,DTNA,CSF2,IL1B,CMKLR1,IRF7,EIF2AK2,COL2A1,CROT,CDC42BPA,EBP,EIF4E,RCL1,CNN3,,COX7C,DDB2,,ERCC3,HSP90B1,GOSR2,STK25,ELOVL3,SMAD7,CXCL6,EXOSC1,DUSP1,CXCL2,WNT6,CCL25,
CMPK1,CD80,INSIG1,,CDH6,TMEM8B,CDK2,EPHX2,JAG1,DUSP6,CFB,GTF2F1,DEPDC1,CXCL6,DYNLT3,CXCL14,CD36,CUL1,CLDN9,,CLCN3,DUSP1,CST7,IL1R1,CSF1,IRF9,EIF4E3,COPZ2,CSF2,CDC42EP1,EDEM1,EIF4G2,RRP12,COL15A1,,COX8A,DDIT3,,FABP6,IL2RG,ICA1,TXN,EZH2,SMURF1,DDX58,EXOSC10,DYRK1A,CYB5B,,CD36,
COL15A1,CD86,IQGAP2,,CDH8,,CDKN1A,FADS1,LDLR,F10,CFH,GTF2H1,DIAPH3,CXCL8,EGR3,CYP26B1,CEL,CUL3,CLN6,,CLIC2,EDN2,CTLA4,IL1R2,CSF3,ISG15,EPSTI1,CPA2,CSF2RA,CDC42EP2,EEF1E1,EIF4H,RRP9,COL1A1,,CPT1A,DDIT4,,FADS1,IL4,IGF2R,TXNRD1,GAD1,SMURF2,DENND5A,EXOSC2,EFEMP1,CYB5R1,,CDA,
COL4A1,CD8A,ITGAV,,CDK8,,CDKN1B,FADS2,LGALS3,F11,CLU,GTF2H3,DLGAP5,DAB2,ELF1,CYP4F11,CIDEA,CUL4A,COG2,,CPOX,EFNA1,CTSZ,IL2RA,CSF3R,ISG20,FAS,CPB1,CTSS,CDC42EP4,EGLN3,ERH,SLC19A1,COL3A1,,CS,DEF6,,FDPS,IRAK4,KIF1B,TXNRD2,GAPDHS,SPTBN1,DNAJB4,EXOSC4,ERBB2,CYP1A1,,CDO1,
COQ3,CD8B,KLK2,,CDSN,,CFLAR,FDXR,LGMN,F12,COL4A2,GTF2H5,DNMT1,DCN,ELF3,DCXR,CPOX,CUL5,COL5A1,,CTNS,EFNA3,CXCL10,IL2RG,CX3CL1,LAMP3,FCGR1A,CPEB3,CXCL10,CDK1,EIF2S2,ETF1,SLC29A2,COL4A2,,CYB5A,DGKA,,FIS1,ITPR2,KRT18,,GFI1,TGFB1,DRAM1,EXOSC5,F3,DDX21,,CES1,
COQ5,CD96,KLK3,,CERCAM,,CLU,GC,LPL,F13B,CP,GTF3C5,DONSON,DKK1,ELOVL2,DHCR7,CPT1A,DBF4,COPB2,,CTSB,EGFR,CYFIP1,IL3RA,CXCL10,LAP3,FGL2,CYP11B2,CXCR4,CDK5RAP2,ELOVL5,EXOSC7,SORD,COL6A2,,CYB5R3,DNTTIP2,,GNPAT,LCK,LAMP2,,GMCL1,TGFBR1,DUSP1,EXOSC9,FBLN5,DGAT1,,CFB,
COQ9,CDKN2A,KRT19,,CLDN11,,CREBBP,GCLM,LSS,F2,CPM,GUK1,DSCC1,DPYSL3,ELOVL5,DHRS2,CPT2,DKC1,CTH,,CTSE,ENO1,DCPS,IL4R,CXCL11,LGALS3BP,FPR1,CYP39A1,DCBLD2,CENPE,ELOVL6,FAM120A,SRM,COL6A3,,CYC1,DRAM1,,GSTK1,MAP2K3,LMAN1,,GPR182,TGIF1,DUSP2,FKBP14,FHL2,DLG4,,CNDP2,
COX6A1,CFP,KRT8,,CLDN14,,CTH,GNMT,MAL2,F2RL2,CR1,HCLS1,DUT,DST,ENDOD1,DLG5,CRAT,DMD,CXCR4,,DAAM1,ENO2,DENND5A,IL6,CXCL6,LPAR6,GBP4,DCC,DNMBP,CENPF,ENO1,FBL,SUPV3L1,COX6A2,,CYCS,EI24,,HAO2,MAP2K6,M6PR,,GRM8,THBS1,DUSP4,FUS,FYN,DNAJA1,,COMT,
COX7B,CRTAM,LIFR,,CLDN15,,CTNNB1,GNPAT,MVD,F3,CR2,HPRT1,E2F8,ECM1,ESRP2,DNAJC1,CRYZ,DR1,CYB5A,,DCAF10,ENO3,DHRS3,IL6ST,CXCL8,LY6E,GBP6,DLK2,DOCK2,CENPJ,ETF1,G3BP1,TBRG4,COX7A1,,DECR1,EPHA2,,HMGCL,MAP3K7,MAPK1,,GSG1,TJP1,DUSP5,GEMIN4,FZD2,DNAJB1,,CROT,
COX8A,CSF1,LMAN1,,CLDN18,,CYLD,GSTK1,MVK,F8,CSRP1,IMPDH2,EED,ECM2,FAM102A,DNAJC12,CYP1A1,DTYMK,DCN,,DCAF11,ERRFI1,ECM1,IL7,CXCL9,MOV10,GCH1,DTNB,DUSP6,CEP192,FADS1,GLO1,TCOF1,CRAT,,DLAT,EPHX1,,HRAS,MAPK1,MON2,,GSTM3,TRIM33,EDN1,GOSR2,GCNT1,E2F5,,CRP,
CPT2,CSK,MAF,,CLDN19,,DAP,HACL1,NFIL3,F9,CTSB,ITPA,EIF2S1,EDIL3,FARP1,DUSP2,CYP4A11,E2F1,DDIT4,,DCUN1D1,ETS1,EMP1,IL9R,CXCR6,MX1,GPR18,EDAR,EMP1,CEP250,FADS2,GNL3,TFB2M,CRYAB,,DLD,EPS8L2,,HSD11B2,MAPK10,NAPA,,HBZ,UBE2D3,EFNA1,HERPUD1,GJA1,EIF2S3,,CSAD,
CRAT,CTSS,MAK,,CLDN4,,DAP3,HAO1,NSDHL,FBN1,CTSC,LIG1,ESPL1,EFEMP2,FASN,EGR3,CYP4A22,E2F2,DEPDC1,,E2F2,EXT1,ENO3,INHBE,CYBB,NCOA7,GZMA,EDN1,ENG,CEP57,FDXR,GOT2,TMEM97,CSRP3,,DLST,ERCC5,,HSD17B11,MAPK8,NAPG,,HSPA1L,WWTR1,EGR1,HSP90B1,GRK5,EIF5,,CYB5A,
CS,CXCL13,MAP7,,CLDN5,,DCN,HSD17B11,PCYT2,FGA,CTSD,MPG,EXOSC8,ELN,FDFT1,ELOVL5,D2HGDH,E2F3,DLD,,EIF2AK1,F3,ENPP1,IRF1,DCBLD2,NMI,HERC6,EDN2,EPB41L3,CEP72,FGL2,GSPT1,UNG,CTF1,,ECH1,F2R,,HSD17B4,MAPK9,OCRL,,HSPA2,XIAP,EGR2,HSPA5,HAS2,ENO2,,CYFIP2,
CYC1,CXCL9,MERTK,,CLDN6,,DDIT3,HSD17B4,PDK3,FGG,CTSH,MRPL40,EZH2,EMP3,FHL2,EMP2,DECR1,E2F4,DPYSL4,,ELL2,FAM162A,EOMES,IRF9,EBI3,NUB1,HIF1A,EFHD1,EPHB2,CKAP5,FKBP2,HDAC2,UTP20,DAPK2,,ECHS1,FAM162A,,HSD3B7,MAPKAP1,PAM,,HSPA4L,,EGR3,HSPA9,ID1,EPCAM,,CYP17A1,
CYP4B1,CXCR3,MYL12A,,CLDN7,,DFFA,HSD17B6,PLAUR,FN1,CTSO,NCBP2,GINS1,ENO2,FKBP4,ETFB,DHCR24,EFNA5,DSC2,,ENDOD1,FBP1,ETV4,ITGA4,EDN1,OAS1,HLA-A,EGF,EREG,CLASP1,G6PD,HDDC2,WDR43,DES,,ETFA,FAS,,IDE,MKNK1,PPT1,,HTR5A,,EHD1,HYOU1,IGF1R,EPHX1,,CYP1A1,
DBT,DEGS1,NCOA4,,CLDN8,,DIABLO,HSD3B1,PLSCR1,FURIN,CTSS,NFX1,GINS3,FAP,FKBP5,FABP5,DLD,EGF,ECD,,EPB41,FOS,F2RL2,ITGB3,EIF2AK2,OASL,HLA-B,ENTPD7,ETS1,CLIP1,GAPDH,HDGF,WDR74,DMD,,ETFB,FBXW7,,IDH1,MKNK2,RAB14,,IDE,,EIF1,IFIT1,IGFBP5,FEN1,,CYP1A2,
DDT,EGFR,NDRG1,,CLDN9,,DNAJA1,HSD3B7,PMVK,FYN,CXCL1,NME1,GINS4,FAS,FLNB,FAM102A,DLST,ESPL1,EFNA3,,EPB42,FOSL2,FAH,JUN,EMP3,OGFR,HLA-DMA,EPHA5,ETV1,CLIP2,GBE1,HNRNPA1,,DMPK,,ETFDH,FDXR,,IDH2,MYD88,RAB22A,,IFT88,,ETS2,IGFBP1,INPP4B,FGF18,,CYP26A1,
DECR1,EIF3A,NGLY1,,CNN2,,DNAJC3,IDH1,PNRC1,GDA,DGKG,NME3,GSPT1,FBLN1,FOS,FARP1,ECH1,EWSR1,EGFR,,EPOR,FOXO3,FAM126B,LEPR,EREG,PARP12,HLA-DQA1,FGF16,ETV4,CNTRL,GCLC,HNRNPA2B1,,DTNA,,FDX1,FGF13,,IDI1,NCK1,RAB2A,,IL12RB2,,F2RL1,IMP3,INSIG1,FKBP4,,CYP27A1,
DGAT1,EIF3D,NKX3-1,,CNTN1,,DNM1L,IDH2,PPARG,GNB2,DGKH,NME4,HELLS,FBLN2,FOXC1,FDFT1,ECHS1,EXO1,EGLN3,,ERMAP,GAA,FGL2,LTB,F3,PARP14,HLA-DRB1,FGF22,ETV5,CNTROB,GGA2,HNRNPA3,,EFS,,FH,FOS,,ISOC1,NFKBIB,RAB5A,,IL13RA2,,F3,KDELR3,IRS1,FMO1,,CYP2C18,
DHCR7,EIF3J,PDLIM5,,COL16A1,,DPYD,IDI1,S100A11,GNG12,DOCK10,NPR2,HMGA1,FBLN5,FRK,FGFR3,EHHADH,EZH2,ELF3,,EZH1,GALK1,FLT3LG,LTBR,FFAR2,PARP9,HLA-G,FGFR3,EVI5,CTTN,GLA,HNRNPC,,EIF4A2,,FXN,FOXO3,,ITGB1BP1,NGF,RAB9A,,IP6K1,,FJX1,KHSRP,ITGB3,FOS,,CYP2E1,
DHRS7,EIF4G3,PGM3,,COL17A1,,EBP,ISOC1,SCD,GP1BA,DOCK4,NT5C,HMGB2,FBN1,GAB2,FKBP4,ELOVL5,FANCC,ENO1,,FBXO34,GAPDH,FURIN,MAP3K8,FPR1,PLSCR1,ICAM1,FGGY,F13A1,CYTH2,GLRX,HNRNPD,,ENO3,,GLUD1,FUCA1,,LONP2,NOD1,RER1,,JAM3,,FOS,KIF5B,KALRN,FOSB,,CYP2J2,
DHRS7B,EIF5A,PIAS1,,COL9A1,,EGR3,KLF1,SEMA3B,GP9,DOCK9,NUDT21,HMGB3,FBN2,GFRA1,FKBP5,ENO3,FBXO5,ENO2,,FBXO7,GAPDHS,GABARAPL1,MYD88,FZD5,PNPT1,IDO1,FSHB,F2RL1,DLG1,GMPS,HNRNPR,,EPHB3,,GOT2,GADD45A,,MLYCD,PDK1,RPS6KA3,,KIF2C,,FOSB,LSM1,KCNMA1,FURIN,,CYP2S1,
DLAT,ELANE,PMEPA1,,CRAT,,EMP1,LCK,SQLE,GSN,DPP4,NUDT9,HMMR,FERMT2,GJA1,FLNB,EPHX1,FOXN3,EXT1,,FBXO9,GBE1,GADD45B,OSMR,GABBR1,PROCR,IFI27,GAMT,FBXO4,DLGAP5,GOT1,HNRNPU,,ERBB3,,GPI,GLS2,,MSH2,PFN1,SCAMP1,,LDHC,,FOSL1,LSM4,KIT,GAL,,CYP4F2,
DLD,ELF4,PTK2B,,CRB3,,ENO2,LIPE,SREBF2,HMGCS2,DUSP5,PCNA,HNRNPD,FGF2,GLA,FOS,ERP29,G3BP1,EXT2,,FECH,GCK,GALM,PDGFC,GCH1,PSMA3,IFI30,GDNF,FCER1G,DOCK2,GPI,HPRT1,,FABP3,,GPX4,GM2A,,MVP,PIK3R3,SCAMP3,,LPIN1,,FOSL2,MTHFD2,LAMC1,GCH1,,DCXR,
DNAJB9,EREG,PTPN21,,CTNNA1,,ERBB2,LONP2,STARD4,HNF4A,DUSP6,PDE4B,HUS1,FLNA,GREB1,FOXC1,ETFDH,GINS2,FAM162A,,FN3K,GCNT2,GATA1,PF4,GNA15,PSMB8,IFI35,GP1BA,FGF9,DOCK4,GSK3B,HSP90AB1,,FDPS,,GRPEL1,GPX2,,NR1I2,PIKFYVE,SCRN1,,MAP7,,FUT4,NFYA,LDLR,GGH,,DDAH2,
DNAJC15,ETS1,RAB4A,,CTNND1,,ERBB3,MLYCD,STX5,HPN,DYRK2,PDE6G,ILF3,FMOD,HES1,FRK,FABP1,GSPT1,FBP2,,FOXJ2,GLRX,GBP4,PIK3R5,GNAI3,PSMB9,IFI44,GP2,FLT4,DST,GSR,HSPD1,,FGF2,,HADHA,HBEGF,,NUDT19,PIN1,SEC22B,,MAST2,,G0S2,NFYB,LPAR1,GLS,,DDC,
DRAM2,F2,RPS6KA3,,CX3CL1,,EREG,NEDD4,TM7SF2,HRG,EHD1,PNP,ING3,FN1,HR,GAL,FABP2,HIF1A,FKBP4,,FOXO3,GPC1,GLIPR2,PIM1,GP1BA,PSME1,IFI44L,GPR19,FUCA1,DYNC1H1,GTF2H1,HSPE1,,FHL1,,HADHB,HDAC3,,PABPC1,PITX2,SEC24D,,MEP1B,,GADD45A,NHP2,LTBP1,GPX3,,DDT,
ECH1,F2R,RRP12,,DHX16,,ETF1,NPC1,TMEM97,HTRA1,ERAP2,POLA1,IPO7,FOXC2,HSPB8,GALE,FASN,HIRA,FUT8,,FTCD,GPC3,GPR65,PLA2G2A,GPC3,PSME2,IFIH1,GPR3,G0S2,DYNLL2,HK2,IFRD1,,FKBP1B,,HCCS,HEXIM1,,PEX11A,PLA2G12A,SEC31A,,MLF1,,GADD45B,NOLC1,MAGI2,GRINA,,DHPS,
ECHS1,FAS,SAT1,,DLG1,,F2,NR1H4,TNFRSF12A,ISCU,F10,POLA2,KIF18B,FSTL1,IGF1R,GINS2,FH,HMGA1,G6PD,,GAPVD1,GPC4,GPR83,PTPN1,GPR132,RIPK2,IFIT1,GPRC5C,GABRA3,ECT2,HMBS,ILF2,,FLII,,HSD17B10,HINT1,,PEX11B,PLCB1,SGMS1,,MLLT10,,GCH1,NOP14,MAP1B,GRPEL1,,DHRS1,
ELMOD3,FASLG,SCD,,DMP1,,F2R,NR1I2,TP53INP1,ITGA2,F2,POLB,KIF22,FSTL3,IGFBP4,GJB3,FMO1,HMGB3,GAL3ST1,,GATA1,GPI,GPX4,PTPN11,GPR183,RNF31,IFIT2,GRID2,GADD45G,EPB41,HMGCR,IMPDH2,,FOXO4,,HSPA9,HMOX1,,PEX13,PLCG1,SH3GL2,,MTNR1A,,GEM,NOP56,MAP2K5,HLA-F,,DHRS7,
ELOVL6,FCGR2B,SEC24D,,DSC1,,FAS,NR3C2,TRIB3,ITGB3,F3,POLD1,KIF2C,FUCA1,IL17RB,GLA,G0S2,HMGN2,GALE,,GCLC,GRHPR,GSTO1,PTPN2,HAS2,RSAD2,IFIT3,GTF3C5,GALNT3,EPB41L2,HMGCS1,KPNA2,,FST,,HTRA2,HRAS,,PEX14,PPP1CA,SNAP23,,MTOR,,GFPT2,NPM1,MAPK14,HMOX1,,ECH1,
ENPP2,FGR,SGK1,,DSC3,,FASLG,NUDT12,,ITIH1,F5,POLD3,KIF4A,FZD8,IL6ST,HMGCS2,GABARAPL1,HMMR,GALK1,,GCLM,GYS1,HIPK2,REG1A,HBEGF,RTP4,IFITM2,HNF1A,GFPT2,ESPL1,HPRT1,KPNB1,,FXYD1,,IDH1,HSPA4L,,PEX2,PPP2R1B,SNX2,,NAA11,,GPR183,PAIP1,MET,HNRNPU,,ELOVL5,
EPHX2,FLNA,SLC26A2,,EGFR,,FDXR,OPTN,,KLF7,F7,POLD4,KPNA2,GADD45A,INHBB,HOMER2,GAD2,HNRNPD,GALK2,,GDE1,HAS1,HK2,SOCS1,HIF1A,SAMD9,IFITM3,HSD11B2,GLRX,EZR,HSP90B1,LDHA,,GAA,,IDH2,IER3,,PEX5,PRKAA2,SOD1,,NCAPH,,HBEGF,PARN,MGLL,HSPA13,,ENPEP,
ESRRA,GALNT1,SLC38A2,,EPB41L2,,FEZ1,PAOX,,KLK8,F8,POLE4,LBR,GADD45B,INPP5F,HPRT1,GAPDHS,HNRNPU,GAPDHS,,GLRX5,HDLBP,HOPX,SOCS3,HPN,SAMD9L,IFNAR2,HTR1B,GNG11,FARP1,HSPA4,LSM2,,GABARAPL2,,IDH3A,IER5,,PEX6,PRKAG1,SSPN,,NEFH,,HES1,PDIA5,MGMT,HSPA2,,ENTPD5,
ESYT1,GBP2,SMS,,EVL,,GADD45A,PECR,,KLKB1,FCER1G,POLH,LIG1,GAS1,ISG20L2,HR,GCDH,HOXC10,GCLC,,GMPS,HEXA,HUWE1,STAM2,HRH1,SELL,IL10RA,HTR1D,GPNMB,FBXO5,HSPA5,LSM7,,GADD45B,,IDH3B,IFI30,,PRDX1,PRKAR2A,STAM,,NEK2,,ICAM1,PDIA6,MIOS,HTR7,,EPHA2,
ETFB,GCNT1,SORD,,EXOC4,,GADD45B,PEX1,,LAMP2,FCN1,POLL,LMNB1,GEM,ITPK1,HSPA4L,GLUL,HSPA8,GFPT1,,GYPA,HK1,ICOS,STAT1,ICAM1,SLC25A28,IL15,IDUA,GPRC5B,FGD4,HSPA9,MAD2L1,,GJA5,,IDH3G,IL1A,,PRDX5,PRKCB,STX12,,NF2,,ICOSLG,POP4,MMP16,HYAL2,,EPHX1,
FABP4,GLMN,SPCS3,,FBN1,,GCH1,PEX11A,,LEFTY2,FDX1,POLR1C,LUC7L3,GJA1,JAK2,HSPB8,GPD1,HUS1,GLCE,,GYPB,HK2,IFITM3,STAT2,ICAM4,SP110,IL15RA,IFI44L,GYPC,FGD6,HSPD1,MCM2,,GNAO1,,IMMT,INHBB,,RDH11,PTEN,STX16,,NOS1,,ID2,PREB,MRPS31,ICAM1,,ESR1,
FAH,GPR65,SPDEF,,FLNC,,GNA15,PEX11G,,LGMN,FN1,POLR1D,LYAR,GLIPR1,KCNK15,ID2,GPD2,ILF3,GLRX,,GYPC,HMOX1,IFNGR1,STAT3,ICOSLG,STAT2,IL18BP,IFNG,HBEGF,FLNA,HSPE1,MCM4,,GPX3,,ISCA1,IP6K2,,RETSAT,PTPN11,STX7,,NPHP1,,IER2,PSAT1,MT1E,IGFBP2,,ETFDH,
FZD4,GZMA,SRF,,FSCN1,,GPX1,PEX12,,LRP1,FYN,POLR2A,MAD2L1,GPC1,KCNK5,IDH2,GRHPR,INCENP,GMPPA,,GYPE,HOXB9,IGF1R,TGFB1,IFITM1,TAP1,IL2RB,IGFBP2,HDAC9,FLNB,IDH1,MCM5,,GSN,,ISCU,IRAK1,,RXRG,RAC1,TMED10,,NPY5R,,IER3,RPS14,MTA1,IL6,,ETS2,
G3BP2,GZMB,SRP19,,GAMT,,GPX3,PEX13,,LTA4H,GATA3,POLR2C,MCM2,GPX7,KDM4B,IGFBP4,GSTZ1,KATNA1,GMPPB,,HAGH,HS3ST1,IGF2R,TLR2,IFNAR1,TDRD7,IL4R,IL12B,HKDC1,FSCN1,IDI1,MCM6,,HBEGF,,LDHA,ISCU,,SCGB1A1,RAF1,TMED2,,OAZ3,,IER5,RRP9,MYC,IL6ST,,F10,
GADD45A,HCLS1,STEAP4,,GNAI1,,GPX4,PEX16,,MAFF,GCA,POLR2D,MCM3,GREM1,KLF10,IGSF1,HADH,KIF11,GNE,,HBB,HSPA5,IKZF2,TNF,IFNGR2,TMEM140,IL6,IL5,HOXD11,GEMIN4,IFI30,MCM7,,HDAC5,,LDHB,ITGB4,,SCP2,RALB,TMX1,,ODF1,,IFIH1,SDAD1,NEK7,IRF1,,F11,
GBE1,HDAC9,STK39,,GNAI2,,GSN,PEX19,,MASP2,GMFB,POLR2E,MCM4,HTRA1,KLF4,IL17RB,HADHB,KIF15,GNPDA1,,HBBP1,IDS,IKZF4,TNFRSF12A,IL10,TRAFD1,IL7,INSL5,HSD11B1,GSN,IFRD1,MRPL23,,HRC,,LRPPRC,JAG2,,SEMA3C,RIPK1,TOM1L1,,PACRG,,IFIT2,SEC11A,NFIB,JUNB,,FABP1,
GHITM,HIF1A,TMEM50A,,GRB7,,GSR,PEX26,,MBL2,GNAI2,POLR2F,MCM5,ID2,KLK10,IL6ST,HAO2,KIF20B,GOT1,,HBD,IER3,IL10,TNFRSF1A,IL10RA,TRIM14,IRF1,IRS4,ID2,HDAC6,IGFBP5,MRPL9,,HSPB2,,MAOB,JUN,,SERPINA6,RIT1,TPD52,,PAPOLB,,IFNGR2,SEC31A,NFKB1,KCNH2,,FAH,
GPAM,HLA-A,TMPRSS2,,GTF2F1,,GSTM1,PEX6,,MEP1A,GNAI3,POLR2G,MCM6,IGFBP2,KRT13,IMPA2,HCCS,KIF22,GOT2,,HBQ1,IGFBP1,IL10RA,TNFRSF1B,IL12B,TRIM21,IRF2,ITGB1BP2,IGF2,HOOK3,IMMT,MRPS18B,,HSPB8,,MDH1,KIF13B,,SIAH1,RPS6KA1,TSG101,,PARP2,,IL12B,SERP1,NIPBL,KLHDC3,,FAS,
GPD2,HLA-DMA,TNFAIP8,,HADH,,GUCY2D,PEX7,,MMP1,GNB2,POLR2H,MCM7,IGFBP3,KRT15,ISG20,HIBCH,KIF23,GPC1,,HBZ,IGFBP3,IL13,TNFRSF21,IL15,TRIM25,IRF4,ITIH3,IGFBP3,INCENP,INSIG1,MYC,,IFRD1,,MDH2,KLF4,,SLC23A2,RPS6KA3,TSPAN8,,PCSK1N,,IL15RA,SHC1,NOTCH2,LHX2,,FBLN1,
GPHN,HLA-DMB,TPD52,,HRAS,,HGF,PFKM,,MMP10,GNB4,POLR2I,MELK,IGFBP4,KRT18,ITPK1,HMGCL,KIF2C,GPC3,,HDGF,IL6,IL18R1,TYK2,IL15RA,TRIM26,IRF5,KCND1,IKZF1,ITSN1,ITGB2,NAP1L1,,IGF1,,MFN2,KLK8,,SLC25A17,RPTOR,USO1,,PCSK4,,IL18,SLC1A4,NR1D2,LYN,,FBP1,
GPX3,HLA-DOA,TSC22D1,,ICAM1,,HMGB2,PHYH,,MMP11,GNG2,POLR2J,MKI67,IL15,KRT19,JAK1,HMGCS1,KIF4A,GPC4,,HEBP1,ILVBL,IL1R2,,IL18,TRIM5,IRF7,KCNE2,IL10RA,KATNA1,LDHA,NCBP1,,IGFBP3,,MGST3,KRT17,,SLC25A19,SFN,VAMP3,,PDHA2,,IL1A,SLC30A5,NR3C1,MAOA,,FETUB,
GPX4,HLA-DOB,UAP1,,ICAM2,,HMOX1,PIPOX,,MMP14,GNGT2,POLR2K,MLH1,IL32,KRT8,JAK2,HMGCS2,KIF5B,GPR87,,HMBS,INHA,IL1RL1,,IL18R1,TXNIP,IRF8,KCNMB1,IL1B,KATNB1,LDLR,NCBP2,,IGFBP7,,MRPL11,LDHB,,SLC25A4,SLA,VAMP4,,PEBP1,,IL1B,SLC7A5,NRP1,MAPK8IP2,,FMO1,
GRPEL1,HLA-DQA1,UBE2I,,ICAM4,,HSPB1,PNPLA8,,MMP15,GP1BA,POLR3C,MSH2,IL6,LAD1,KCNK5,HPGD,KPNA2,GUSB,,HTATIP2,IRS2,IL2RA,,IL18RAP,UBA7,IRF9,KCNN1,IL1RL2,KIF11,LGMN,NDUFAB1,,ITGA7,,MRPL15,LIF,,SLC27A2,SLC2A1,VAMP7,,PGK2,,IL23A,SPCS1,PDGFRB,MARK2,,FMO3,
HADH,HLA-DRA,UBE2J1,,ICAM5,,IER3,PRDX5,,MMP2,GP9,POLR3GL,MTHFD2,INHBA,LRIG1,KIF20A,HSD17B10,KPNB1,GYS1,,HTRA2,ISG20,IL2RB,,IL1A,UBE2L6,ISG15,KCNQ2,IL2RG,KIF15,LTA4H,NHP2,,ITGB1,,MRPL34,MAPKAPK3,,SLC35B2,SMAD2,VPS45,,PGS1,,IL6,SPCS3,PDLIM5,MGAT1,,GABARAPL1,
HIBCH,HLA-E,VAPA,,IKBKG,,IFITM3,PXMP2,,MMP3,GPD2,POM121,MXD3,ITGA2,MAPT,KLF4,HSD17B11,LBR,GYS2,,ICAM4,JMJD6,IL3RA,,IL1B,USP18,ISG20,KLHDC8A,IL33,KIF1B,M6PR,NME1,,ITGB4,,MRPL35,MDM2,,SMARCC1,SQSTM1,VPS4B,,PHF7,,IL6ST,SRPRB,PEX14,MMP14,,GAD1,
HSPB8,HLA-G,XRCC5,,INPPL1,,IFNB1,RBP1,,MMP7,GRB2,PRIM1,MYBL2,ITGA5,MAST4,KLK10,HSD17B4,LIG3,HAX1,,IGSF3,JUN,IL4R,,IL1R1,,ISOC1,KLK7,IL7R,KIF20B,MAP2K3,NOLC1,,ITGB5,,MRPS11,MKNK2,,SOD1,STAT2,YIPF6,,PHKG2,,IL7R,SSR1,PHF3,MRPL23,,GART,
IDH1,ICAM1,XRCC6,,INSIG1,,IFNGR1,RETSAT,,MMP8,GZMA,RAD51,MYC,ITGAV,MED13L,KLK11,HSD17B7,LMNB1,HDLBP,,ISCA1,KDELR3,IRF4,,IL2RB,,ITGB7,KLK8,INHBA,KIF22,MCM2,NOP16,,KCNH1,,MRPS12,MXD1,,SOD2,TBK1,YKT6,,PIAS2,,INHBA,STC2,PIAS3,MSX1,,GCH1,
IDH3A,ICOSLG,ZBTB10,,IRS1,,IGF2R,RXRA,,MMP9,GZMB,RAD52,NAA38,ITGB1,MED24,KRT13,HSDL2,MAD2L1,HK2,,KAT2B,KDM3A,IRF6,,IL4R,,JAK2,KMT2D,IRF8,KIF23,MCM4,NOP56,,KCNH2,,MRPS15,MXD4,,STS,THEM4,ZW10,,POMC,,IRF1,TATDN2,PIK3CD,NAT1,,GCKR,
IDH3G,IFNAR2,ZMIZ1,,ITGA10,,IGFBP6,RXRG,,MSRB2,GZMK,RAE1,NAP1L1,ITGB3,MICB,KRT19,HSP90AA1,MAPK14,HMMR,,KEL,KIF5A,IRF8,,IL6,,KLRK1,KRT1,ITGA2,KIF2C,ME1,NPM1,,KIFC3,,MRPS22,NDRG1,,SULT2B1,TIAM1,,,PRKAR2A,,IRS2,TSPYL2,PIK3R3,NFKBIA,,GCLC,
IFNGR1,IFNG,,,ITGA2,,IL18,SCP2,,MST1,HNF4A,RALA,NASP,ITGB5,MLPH,LAMC2,HSPH1,MARCKS,HOMER1,,KHNYN,KLF6,ITGA6,,IL7R,,LAP3,KRT13,ITGB2,KIF3B,MLLT11,ODC1,,KLF5,,MRPS30,NHLH2,,TOP2A,TNFRSF1A,,,PRM2,,JAG1,TTC37,PLCB4,NKX2-5,,GCNT2,
IMMT,IFNGR1,,,ITGA3,,IL1A,SERPINA6,,OLR1,HPCAL4,RBX1,NBN,JUN,MPPED2,LLGL2,IDH1,MCM2,HS2ST1,,KLF1,KLF7,ITGAE,,INHBA,,LATS2,KRT15,ITGBL1,KIF3C,MTHFD2,ORC2,,LAMA2,,MTRF1,NINJ1,,TSPO,TRAF2,,,PSMG1,,JUN,TUBB2A,PMP22,NPTX2,,GNMT,
ITGA7,IFNGR2,,,ITGA9,,IL1B,SLC22A18,,P2RY1,HSPA1A,REV3L,NCAPD2,LAMA1,MREG,LSR,IDH3B,MCM3,HS6ST2,,KLF3,KLHL24,ITGAV,,IRAK2,,LCP2,KRT4,JUP,KIF4A,MTHFD2L,PA2G4,,LDB3,,MTRR,NOL8,,TTR,TRIB3,,,RAD17,,JUNB,VEGFA,PPARG,NPTXR,,GSR,
ITIH5,IGSF6,,,ITGB1,,IL6,SLC23A1,,PDGFB,HSPA5,RFC2,NME1,LAMA2,MSMB,LTF,IDH3G,MCM5,HSPA5,,LAMP2,LALBA,ITIH5,,IRF1,,LGALS3BP,KRT5,KCNN4,KIF5B,NAMPT,PABPC4,,LPIN1,,MTX2,NOTCH1,,VPS4B,TSC2,,,RFC4,,KDM6B,WFS1,PRDM2,NR4A1,,GSS,
ITSN1,IKBKB,,,ITGB4,,IRF1,SLC23A2,,PECAM1,IL6,RFC3,NOLC1,LAMA3,MUC1,MAPK13,IDI1,MCM6,IDH1,,LMO2,LDHA,KLF6,,IRF7,,LY6E,LFNG,KIF5C,KIFAP3,NFIL3,PCBP1,,LSP1,,NDUFA1,NUDT15,,YWHAH,UBE2D3,,,RPL39L,,KLF10,WIPI1,PRKAR2B,NTRK3,,GSTA3,
JAGN1,IL10,,,JAM3,,ISG20,SLC27A2,,PEF1,IRF1,RFC4,NOP56,LAMC1,MYB,MAPT,IL4I1,MEIS1,IDUA,,LPIN2,LDHC,LCLAT1,,ITGA5,,LYSMD2,LGALS7,KLF4,KLC1,NFKBIB,PCNA,,MAPK12,,NDUFA2,NUPR1,,,UBE2N,,,SCG3,,KLF2,XBP1,PRKCA,NXF1,,GSTM4,
LAMA4,IL11,,,JUP,,JUN,SLC27A5,,PF4,IRF2,RFC5,NUDT21,LAMC2,MYBBP1A,MDK,INMT,MEIS2,IER3,,LRP10,LOX,LIF,,ITGB3,,METTL7B,LYPD3,LAPTM5,KNTC1,NFYC,PGK1,,MAPRE3,,NDUFA3,OSGIN1,,,VAV3,,,SCG5,,KLF4,XPOT,PRKCE,OLFM1,,GSTO1,
LEP,IL12A,,,KCNH2,,KRT18,SLC29A1,,PLAT,IRF7,RNMT,NUP107,LGALS1,MYBL1,MEST,LDHA,MKI67,IGFBP3,,MAP2K3,LXN,LRIG1,,ITGB8,,MT2A,MAGIX,LAT2,KPTN,NMT1,PHB2,,MB,,NDUFA4,PCNA,,,YWHAB,,,SHE,,KLF6,YIF1A,PTEN,ONECUT1,,GSTT2,
LIFR,IL12B,,,KRT31,,LEF1,SLC35B2,,PLAU,ITGAM,RPA2,NUP153,LOX,MYC,METTL3,LGALS1,MNAT1,IL13RA1,,MARK3,MAFF,LRRC8C,,KCNA3,,MTHFD2,MAST3,LCP1,LATS1,NUFIP1,POLD2,,MEF2A,,NDUFA5,PDGFA,,,,,,SIRT1,,KLF9,YWHAZ,PTGFR,PARP2,,HACL1,
LIPE,IL12RB1,,,LAMA3,,LGALS3,SLCO1A2,,PLEK,ITIH1,RPA3,NUP205,LOXL1,MYOF,MICB,LTC4S,MT2A,IRS2,,MBOAT2,MAP3K1,LTB,,KCNJ2,,MVP,MEFV,LIF,LLGL1,NUP205,POLE3,,MEF2C,,NDUFA6,PERP,,,,,,SLC12A2,,KYNU,ZBTB17,PTPN21,PDAP1,,HES6,
LPCAT3,IL13,,,LAMB3,,LMNA,SOAT2,,PLG,JAK2,RRM2B,ORC2,LOXL2,NADSYN1,MOCS2,MAOA,MTF2,ISG20,,MFHAS1,MIF,MAFF,,KCNMB2,,MX1,MFSD6,LY96,LMNB1,NUPR1,PPIA,,MEF2D,,NDUFA7,PHLDA3,,,,,,SLC2A5,,LAMB3,,PTPRM,PDLIM3,,HGFAC,
LPL,IL15,,,LAMC2,,LUM,SOD1,,PREP,KCNIP2,SAC3D1,ORC6,LRP1,NAV2,MYB,MCEE,MYBL2,KDELR3,,MGST3,MT1E,MAP3K8,,KIF1B,,MX2,MSH5,MAFB,LRPPRC,P4HA1,PPM1G,,MRAS,,NDUFA8,PITPNC1,,,,,,SNAP91,,LDLR,,RASA2,PLCL1,,HMOX1,
LTC4S,IL16,,,LAYN,,MADD,SULT1B1,,PROC,KCNIP3,SDCBP,PA2G4,LRRC15,NBL1,MYOF,MDH1,MYC,KIF20A,,MINPP1,MT2A,MAP6,,KLF6,,MYD88,MTHFR,MALL,MAP1S,PDAP1,PRDX3,,MYBPC3,,NDUFA9,PLK2,,,,,,SPATA6,,LIF,,RBPMS,POLE3,,HNF4A,
MAP4K3,IL18,,,LDLRAP1,,MCL1,SULT2B1,,PROS1,KIF2A,SEC61A1,PAICS,LUM,NCOR2,NAB2,MDH2,NASP,KIF2A,,MKRN1,MXI1,MAPKAPK2,,LAMP3,,NAMPT,MX1,MAP3K1,MAP3K11,PDK1,PRDX4,,MYBPH,,NDUFAB1,PLK3,,,,,,STAM2,,LITAF,,RGS4,POLG2,,HPRT1,
MCCC1,IL18RAP,,,LIMA1,,MGMT,TFCP2L1,,PROZ,KLK1,SF3A3,PAN2,MAGEE1,NPY1R,NBL1,ME1,NCL,LCT,,MOCOS,MYH9,MUC1,,LCK,,NCOA3,MYH7,MAP4K1,MAPRE1,PFKL,PRPF31,,MYF6,,NDUFB1,PLXNB2,,,,,,STRBP,,MAFF,,RND3,POLR2H,,HRG,
MDH2,IL1B,,,MADCAM1,,MMP2,TTR,,PRSS23,KLKB1,SMAD5,PCNA,MATN2,NRIP1,NCOR2,METAP1,NDC80,LDHA,,MOSPD1,NAGK,MXD1,,LCP2,,NFKB1,MYO15A,MAP7,MARCKS,PGK1,PRPS2,,MYH1,,NDUFB2,PMM1,,,,,,SYCP1,,MAP2K3,,RUNX1,PPAT,,HSD11B1,
ME1,IL2,,,MAP4K2,,NEDD9,,,RABIF,KYNU,SNAPC4,PDS5B,MATN3,NXT1,NMU,MGLL,NEK2,LDHC,,MPP1,NCAN,MYC,,LDLR,,NFKBIA,MYOT,MMD,MARK4,PGM1,PSMA1,,MYH11,,NDUFB3,POLH,,,,,,TALDO1,,MAP3K8,,RXRA,PPIF,,HSD17B2,
MGLL,IL27RA,,,MAPK11,,NEFH,,,RAC1,L3MBTL4,SNAPC5,PHF5A,MCM7,OLFM1,NPY1R,MIF,NOLC1,LHPP,,MXI1,NDRG1,MYO1C,,LIF,,NLRC5,NGB,MMP10,MID1,PHGDH,PSMA2,,MYH2,,NDUFB4,POM121,,,,,,TCP11,,MARCKS,,SCHIP1,PPP1R2,,ID2,
MGST3,IL2RA,,,MAPK13,,PAK1,,,RAPGEF3,LAMP2,SSRP1,PLK1,MEST,OLFML3,NRIP1,MLYCD,NOTCH2,LHX9,,MYL4,NDST1,MYO1E,,LPAR1,,NMI,NOS1,MMP11,MID1IP1,PIK3R3,PSMA4,,MYH3,,NDUFB5,PPM1D,,,,,,TEKT2,,MCL1,,SCN8A,PPT1,,IDH1,
MRAP,IL2RB,,,MAPK14,,PDCD4,,,RGN,LAP3,STX3,PLK4,MFAP5,OPN3,NXT1,NBN,NUMA1,MDH1,,NARF,NDST2,NCOA3,,LTA,,NOD1,NPHS1,MMP9,MYH10,PITPNB,PSMA6,,MYH4,,NDUFB6,PPP1R15A,,,,,,THEG,,MSC,,SDC2,PRKACA,,IGF1,
MRPL15,IL2RG,,,MDK,,PDGFRB,,,S100A1,LCK,SUPT4H1,PMS2,MGP,OVOL2,OLFM1,NCAPH2,NUP50,MDH2,,NCOA4,NEDD4L,NCS1,,LY6E,,NUP93,NR4A2,MPZL2,MYH9,PLK1,PSMA7,,MYH7,,NDUFB7,PRKAB1,,,,,,TKTL1,,MYC,,SERPINE1,PRKCD,,IGFBP1,
MTCH2,IL4,,,MMP2,,PEA15,,,S100A13,LCP2,SUPT5H,PNN,MMP1,P2RY2,OPN3,NSDHL,NUP98,ME1,,NEK7,NFIL3,NDRG1,,LYN,,OAS2,NR6A1,MTMR10,MYO1E,PLOD2,PSMB2,,MYH8,,NDUFB8,PRMT2,,,,,,TLE4,,NAMPT,,SFMBT1,PRPF3,,IGFBP4,
MYLK,IL4R,,,MMP9,,PLAT,,,SERPINA1,LGALS3,SURF1,POLA2,MMP14,PAPSS2,OVOL2,NTHL1,NUSAP1,ME2,,NFE2,NR3C1,NFIL3,,MARCO,,OAS3,NRIP2,MYCN,MYO9B,PNO1,PSMB3,,MYH9,,NDUFC1,PROCR,,,,,,TNNI3,,NFAT5,,SIPA1L1,PSMC3,,IL1R1,
NDUFA5,IL6,,,MPZL1,,PLCB2,,,SERPINB2,LGMN,TAF10,POLD1,MMP2,PDLIM3,PAPSS2,ODC1,ODC1,MED24,,NFE2L1,P4HA1,NFKBIZ,,MEFV,,OASL,NTF3,NAP1L2,NCK1,PNP,PSMC4,,MYL1,,NDUFC2,PTPN14,,,,,,TNP1,,NFE2L2,,SLC22A18,PTPRD,,IRF8,
NDUFAB1,IL7,,,MPZL2,,PMAIP1,,,SERPINC1,LIPA,TAF12,POLD2,MMP3,PDZK1,PCP4,OSTC,ORC5,MERTK,,NNT,P4HA2,NOP2,,MEP1A,,OGFR,NUDT11,NGF,NCK2,POLR3G,PSMC6,,MYL2,,NDUFS1,PTPRE,,,,,,TNP2,,NFIL3,,SLC7A1,RAB27A,,ITIH4,
NDUFB7,IL9,,,MSN,,PPP2R5B,,,SERPINE1,LRP1,TAF13,POLD3,MSX1,PEX11A,PDCD4,PCBD1,ORC6,MET,,NR3C1,PAM,NRP1,,MET,,P2RY14,OXT,NIN,NDC80,PPA1,PSMD1,,MYL3,,NDUFS2,PVT1,,,,,,TOPBP1,,NFKB1,,SMAD3,RASGRP1,,JUP,
NDUFS3,INHBA,,,MVD,,PPP3R1,,,SERPING1,LTA4H,TAF1C,POLE,MXRA5,PGR,PDLIM3,PDHA1,PAFAH1B1,MIF,,NUDT4,PCK1,NT5E,,MMP14,,PARP12,P2RX6,NR0B2,NEDD9,PPIA,PSMD14,,MYL4,,NDUFS3,RAB40C,,,,,,TSN,,NFKB2,,SMAD7,RET,,KYNU,
NKIRAS1,INHBB,,,MYH10,,PPT1,,,SH2B2,LTF,TAF6,POLE4,MYL9,PMAIP1,PDZK1,PDHB,PBK,MIOX,,OPTN,PDGFB,ODC1,,MSR1,,PARP14,PAX3,NR1H4,NEK2,PPP1R15A,PSMD3,,MYL6B,,NDUFS4,RAD51C,,,,,,TSSK2,,NFKBIA,,SNAI2,RFC4,,LCAT,
NMT1,IRF4,,,MYH9,,PRF1,,,SIRT2,LYN,TAF9,POP7,MYLK,PODXL,PERP,PPARA,PDS5B,MPI,,OSBP2,PDK1,P2RX4,,MXD1,,PDE4B,PAX4,NRP1,NET1,PRDX1,PSMD7,,MYL7,,NDUFS6,RALGDS,,,,,,TTK,,NFKBIE,,SPOP,RHOB,,LEAP2,
OMD,IRF7,,,MYL12B,,PSEN1,,,SPARC,MAFF,TARBP2,PPM1D,NID2,PPIF,PGR,PRDX6,PLK1,MXI1,,P4HA2,PDK3,P4HA1,,MYC,,PELI1,PCDHB1,PCP4,NF1,PSAT1,PSMD8,,MYLK,,NDUFS7,RAP2B,,,,,,TUBA3C,,NINJ1,,SRI,RPN1,,LONP1,
ORM1,IRF8,,,MYL9,,PSEN2,,,TF,ME1,TK2,PPP1R8,NNMT,PRSS23,PKP3,PSME1,PLK4,NANP,,PC,PFKFB3,PDCD2L,,NAMPT,,PFKP,PDCD1,PCSK1N,NIN,PSMA3,PTGES3,,MYLPF,,NDUFS8,RB1,,,,,,TULP2,,NR4A1,,SYNE1,RRAD,,LPIN2,
PDCD4,ITGAL,,,NEGR1,,PTK2,,,TFPI2,MMP12,TMED2,PRDX4,NOTCH2,PTGES,PLAC1,PTPRG,PML,NASP,,PDZK1IP1,PFKL,PENK,,NDP,,PIM1,PDE6B,PDCD1LG2,NOTCH2,PSMA4,PWP1,,MYO1C,,NDUFV1,RCHY1,,,,,,VDAC3,,NR4A2,,SYNJ2,RXRB,,MAN1A1,
PEMT,ITGB2,,,NEXN,,RARA,,,THBD,MMP13,TP53,PRIM2,NT5E,RAB17,PLK4,PTS,POLA2,NDST3,,PGLS,PFKP,PHLDA1,,NFKB1,,PLA2G4A,PDK2,PECAM1,NUMA1,PSMB5,RAD23B,,MYOG,,NDUFV2,RETSAT,,,,,,YBX2,,NR4A3,,TFPI,SHOX2,,MAOA,
PEX14,ITK,,,NF1,,RELA,,,THBS1,MMP14,TSG101,PRKDC,NTM,RAB31,PLXNB1,RAP1GDS1,POLE,NDUFV3,,PICALM,PGAM2,PHTF2,,NFKBIA,,PLSCR1,PKP1,PEG3,NUSAP1,PSMC2,RAN,,MYOM1,,NNT,RGS16,,,,,,ZC3H14,,OLR1,,TGFBR2,SIGMAR1,,MBL2,
PFKFB3,JAK2,,,NF2,,RETSAT,,,TIMP1,MMP15,TYMS,PRPS1,OXTR,RAPGEFL1,PPIF,RDH11,POLQ,NOL3,,PIGQ,PGF,PIM1,,NLRP3,,PML,PLAG1,PIGR,OPHN1,PSMC4,RANBP1,,MYOM2,,NQO2,RHBDF2,,,,,,ZNRF4,,PANX1,,TGFBR3,SLC25A4,,MCCC2,
PFKL,KLRD1,,,NFASC,,RHOB,,,TIMP3,MMP8,UMPS,PSIP1,PCOLCE,RARA,PRKAR2B,RDH16,PRC1,NSDHL,,PPOX,PGK1,PLAGL1,,NMI,,PNP,PNMT,PLAT,PAFAH1B1,PSMC6,RFC4,,MYOZ1,,OGDH,RNF19B,,,,,,ZPBP,,PDE4B,,TJP1,SLC6A12,,MPP2,
PGM1,KRT1,,,NLGN2,,RHOT2,,,TMPRSS6,MT3,UPF3B,PSMC3IP,PCOLCE2,RASGRP1,PRLR,REEP6,PRIM2,NT5E,,PPP2R5B,PGM1,PLEC,,NMUR1,,PNPT1,PRODH,PLAU,PALLD,PSMD12,RNPS1,,NAV2,,OPA1,RPL18,,,,,,,,PDLIM5,,VAV2,SLC6A8,,MT2A,
PHLDB1,LCK,,,NLGN3,,RNASEL,,,USP11,NOTCH4,USP11,PTTG1,PDGFRB,RBBP8,PRSS23,RETSAT,PRMT5,P4HA1,,PRDX2,PGM2,PLIN2,,NOD2,,PSMA2,PROP1,PLAUR,PCGF5,PSMD13,RPL14,,NCAM1,,OXA1L,RPL36,,,,,,,,PER1,,VLDLR,SOD2,,MTHFD1,
PHYH,LCP2,,,NRAP,,ROCK1,,,VWF,OLR1,VPS28,RACGAP1,PDLIM4,REEP1,PTGER3,S100A10,PRPF4B,P4HA2,,PSMD9,PHKG1,PLSCR1,,NPFFR2,,PSMA3,PTGFR,PLEK2,PCM1,PSMD14,RPL18,,NOS1,,PDHA1,RPS12,,,,,,,,PFKFB3,,WDR37,SPR,,NDRG2,
PIM3,LIF,,,NRTN,,SAT1,,,WDR1,PCLO,VPS37B,RAD1,PFN2,RET,PTGES,SDHA,PTTG1,PAM,,RAD23A,PIM1,PNP,,OLR1,,PSMB10,PTPRJ,PLVAP,PCNT,PSME3,RPL22,,NOTCH1,,PDHB,RPS27L,,,,,,,,PHLDA1,,YTHDC1,SQSTM1,,NFS1,
PLIN2,LTB,,,NRXN2,,SATB1,,,,PCSK9,VPS37D,RAD21,PLAUR,RHOBTB3,PTPN6,SDHC,PTTG3P,PAXIP1,,RANBP10,PKLR,POU2F1,,OPRK1,,PSMB2,RGS11,PPBP,PDLIM5,PSMG1,RPL34,,NQO1,,PDHX,RRAD,,,,,,,,PHLDA2,,ZMIZ1,STARD3,,NINJ1,
POR,LY75,,,PARD6G,,SLC20A1,,,,PDGFB,XPC,RAD50,PLOD1,RHOD,RAB31,SDHD,PURA,PC,,RAP1GAP,PKP1,PRAF2,,OSM,,PSMB8,RIBC2,PPP1R15A,PIF1,PSPH,RPL6,,OCEL1,,PDK4,RRP8,,,,,,,,PLAU,,,STIP1,,NMT1,
PPARG,LY86,,,PARVA,,SMAD7,,,,PDP1,ZNF707,RAD51AP1,PLOD2,RPS6KA2,RABEP1,SERINC1,RACGAP1,PDK3,,RBM38,PLAC8,PRKCH,,OSMR,,PSMB9,RSAD2,PRDM1,PKD2,QDPR,RPLP0,,PC,,PDP1,RXRA,,,,,,,,PLAUR,,,STK25,,NPC1,
PPM1B,LYN,,,PBX2,,SOD1,,,,PFN1,ZWINT,RAD51C,PLOD3,RRP12,RAPGEFL1,SLC22A5,RAD21,PFKFB1,,RBM5,PLAUR,PRNP,,P2RX4,,PSME1,RYR1,PRKG2,PLEKHG2,RAB1A,RPS10,,PDE4DIP,,PHB2,S100A10,,,,,,,,PLEK,,,SULT1A1,,NQO1,
PPP1R15B,MAP3K7,,,PCDH1,,SOD2,,,,PHEX,,RAN,PMEPA1,SCARB1,RBBP8,SMS,RAD23B,PFKP,,RCL1,PLIN2,PTCH1,,P2RX7,,PSME2,RYR2,PRRX1,PLK1,RDH11,RPS2,,PDLIM7,,PHYH,S100A4,,,,,,,,PLK2,,,TACR3,,PAPSS2,
PRDX3,MAP4K1,,,PDZD3,,SPTAN1,,,,PIK3CA,,RANBP1,PMP22,SCNN1A,RET,SUCLA2,RAD54L,PGAM1,,RHAG,PNRC1,PTGER2,,P2RY2,,PTGS2,SCGB1A1,PSMB8,PPP4R2,RIT1,RPS3,,PFKM,,PMPCA,SAT1,,,,,,,,PMEPA1,,,TAP1,,PC,
PREB,MBL2,,,PECAM1,,SQSTM1,,,,PIK3CG,,RBBP7,POSTN,SEC14L2,RNASEH2A,SUCLG1,RASAL2,PGAM2,,RHCE,PPARGC1A,PTH1R,,PCDH7,,PTPN1,SCN10A,PTBP2,PRC1,RPA1,RPS5,,PGAM2,,POLR2F,SDC1,,,,,,,,PNRC1,,,TCHH,,PDK4,
PTCD3,MMP9,,,PFN1,,TAP1,,,,PIK3R5,,RFC1,PPIB,SEMA3B,RPS6KA2,SUCLG2,RBL1,PGK1,,RHD,PPFIA4,PTRH2,,PDE4B,,PTPN2,SERPINA10,PTCD2,PREX1,RPN1,RPS6,,PICK1,,POR,SEC61A1,,,,,,,,PPP1R15A,,,TFRC,,PDLIM5,
PTGER3,MRPL3,,,PIK3CB,,TGFB2,,,,PIM1,,RFC2,PRRX1,SFN,S100A9,TDO2,RBM14,PGLS,,RIOK3,PPP1R15A,PUS1,,PDPN,,PTPN6,SERPINB2,PTGS2,PXN,RRM2,RRM1,,PKIA,,PRDX3,SERPINB5,,,,,,,,PTGER4,,,TGFBRAP1,,PEMT,
QDPR,MTIF2,,,PIK3R3,,TGFBR3,,,,PLA2G4A,,RFC3,PTHLH,SH3BP5,SCARB1,TP53INP2,RPA2,PGM2,,RNF123,PPP1R3C,RABGAP1L,,PIK3R5,,RAPGEF6,SGK1,PTPRR,RAB3GAP1,RRP9,RRP9,,PLXNB2,,RETSAT,SERTAD3,,,,,,,,PTGS2,,,TMBIM6,,PGD,
RAB34,NCF4,,,PKD1,,TIMP1,,,,PLA2G7,,RNASEH2A,PTX3,SIAH2,SCNN1A,UBE2L6,RPS6KA5,PHKA2,,RNF19A,PRDX5,RGS16,,PLAUR,,RBCK1,SHOX2,RABGAP1L,RABGAP1,SCD,RSL1D1,,PPFIA4,,RHOT1,SESN1,,,,,,,,PTPRE,,,TST,,PGRMC1,
REEP5,NCK1,,,PLCG1,,TIMP2,,,,PLAT,,RPA1,PVR,SLC16A1,SCUBE2,UGDH,SAP30,PKP2,,SDCBP,PRKCA,RHOB,,PROK2,,RIPK1,SIDT1,RBM4,RACGAP1,SDF2L1,RUVBL2,,PPP1R3C,,RHOT2,SFN,,,,,,,,PTX3,,,TUBA4A,,PINK1,
REEP6,NCR1,,,PPP2R2C,,TIMP3,,,,PLAUR,,RPA2,QSOX1,SLC19A2,SEMA3B,UROD,SFPQ,PLOD1,,SEC14L1,PYGM,RHOH,,PSEN1,,RIPK2,SKIL,RBP4,RALBP1,SEC11A,SERBP1,,PRNP,,SDHA,SLC19A2,,,,,,,,RCAN1,,,TYRO3,,PLG,
RETN,NLRP3,,,PTEN,,TNF,,,,PLEK,,RPA3,RGS4,SLC1A1,SERPINA1,UROS,SLC12A2,PLOD2,,SELENBP1,RBPJ,RNH1,,PTAFR,,RNF213,SLC12A3,RELN,RANBP9,SERP1,SET,,PSEN2,,SDHB,SLC35D1,,,,,,,,REL,,,UROD,,PMM1,
RETSAT,NME1,,,PTK2,,TNFRSF12A,,,,PLG,,RRM2,RHOB,SLC1A4,SERPINA3,VNN1,SLC38A1,PMM2,,SIDT2,RORA,RORA,,PTGER2,,RNF31,SLC16A7,RETN,RAPGEF5,SERPINH1,SF3A1,,PTGIS,,SDHC,SLC3A2,,,,,,,,RELA,,,WIZ,,POR,
RIOK3,NOS2,,,PTPRC,,TNFSF10,,,,PLSCR1,,SHMT1,SAT1,SLC22A5,SERPINA5,XIST,SLC7A1,POLR3K,,SLC10A3,RRAGD,RRAGD,,PTGER4,,RSAD2,SLC25A23,RGS16,RAPGEF6,SHMT2,SF3B3,,PTP4A3,,SDHD,SLC7A11,,,,,,,,RELB,,,YKT6,,PPARD,
RNF11,NPM1,,,RAC2,,TOP2A,,,,PPP2CB,,SLBP,SCG2,SLC24A3,SFN,YWHAH,SLC7A5,PPFIA4,,SLC11A2,S100A4,S100A1,,PTGIR,,RTP4,SLC29A3,SATB1,RASA1,SKAP2,SLC25A3,,PVALB,,SLC25A11,SOCS1,,,,,,,,RHOB,,,,,PROS1,
RREB1,PF4,,,RASA1,,TSPO,,,,PPP4C,,SMC1A,SDC1,SLC26A2,SGK1,,SMAD3,PPIA,,SLC22A4,SAP30,SCN9A,,PTPRE,,SAMD9L,SLC30A3,SCG3,RASA2,SLA,SMARCC1,,PYGM,,SLC25A12,SP1,,,,,,,,RIPK2,,,,,PSMB10,
RTN3,PRF1,,,RHOF,,TXNIP,,,,PRCP,,SMC3,SDC4,SLC27A2,SIAH2,,SMARCC1,PPP2CB,,SLC25A37,SCARB1,SELL,,PVR,,SAMHD1,SLC38A3,SCG5,RASAL2,SLC1A4,SNRPA,,RB1,,SLC25A20,SPHK1,,,,,,,,RNF19B,,,,,PTGDS,
SAMM50,PRKCB,,,RRAS,,VDAC2,,,,PRDM4,,SMC4,SERPINE1,SLC2A1,SLC16A1,,SMC1A,PRPS1,,SLC25A38,SDC2,SELP,,RAF1,,SECTM1,SLC5A5,SCN1B,RFC1,SLC1A5,SNRPA1,,REEP1,,SLC25A3,ST14,,,,,,,,SAT1,,,,,PTGES,
SCARB1,PRKCG,,,RSU1,,WEE1,,,,PREP,,SMC6,SERPINE2,SLC37A1,SLC1A4,,SMC2,PSMC4,,SLC2A1,SDC3,SERPINB6,,RASGRP1,,SELP,SLC6A14,SDCCAG8,RHOF,SLC2A1,SNRPB2,,RIT1,,SLC25A4,STEAP3,,,,,,,,SDC4,,,,,PTGES3,
SCP2,PSMB10,,,SDC3,,XIAP,,,,PRKCD,,SNRPB,SERPINH1,SLC39A6,SLC22A5,,SMC4,PYGB,,SLC30A1,SDC4,SERPINC1,,RELA,,SERPING1,SLC6A3,SEMA3B,RHOT2,SLC2A3,SNRPD1,,RYR1,,SLC25A5,STOM,,,,,,,,SERPINB2,,,,,PTGR1,
SDHB,PTPN6,,,SGCE,,,,,,PRSS3,,SPAG5,SFRP1,SLC7A2,SLC24A3,,SNRPD1,PYGL,,SLC30A10,SELENBP1,SH3BGRL2,,RGS1,,SLAMF7,SMPX,SERPINA3,RICTOR,SLC37A4,SNRPD2,,SCD,,SLC25A6,TAP1,,,,,,,,SERPINB8,,,,,PTS,
SDHC,PTPRC,,,SHC1,,,,,,PRSS36,,SPC25,SFRP4,SLC7A5,SLC26A2,,SQLE,QSOX1,,SLC4A1,SERPINE1,SHE,,RGS16,,SLC25A28,SNCB,SLPI,ROCK1,SLC6A6,SNRPD3,,SCHIP1,,SUCLA2,TAX1BP3,,,,,,,,SERPINE1,,,,,PYCR1,
SLC19A1,RIPK2,,,SHROOM2,,,,,,PSEN1,,SSRP1,SGCB,SLC9A3R1,SLC27A2,,SS18,RBCK1,,SLC6A8,SIAH2,SLC1A5,,RHOG,,SOCS1,SNN,SNAP25,SAC3D1,SLC7A11,SNRPG,,SGCA,,SUCLG1,TCHH,,,,,,,,SGK1,,,,,RAP1GAP,
SLC1A5,RPL39,,,SIRPA,,,,,,PSMB9,,STAG1,SGCD,SNX24,SLC29A1,,STAG1,RPE,,SLC6A9,SLC25A1,SLC29A2,,RIPK2,,SOCS3,SOX10,SNAP91,SASS6,SLC7A5,SRM,,SGCD,,SUPV3L1,TCN2,,,,,,,,SIK1,,,,,RBP4,
SLC25A1,RPL3L,,,SKAP2,,,,,,RABIF,,STMN1,SGCG,SOX3,SLC2A8,,STIL,RRAGD,,SLC7A11,SLC2A1,SLC2A3,,RNF144B,,SOD2,SPHK2,SOX9,SHROOM1,SLC9A3R1,SRPK1,,SGCG,,SURF1,TGFA,,,,,,,,SLC16A6,,,,,REG1A,
SLC25A10,RPL9,,,SLC30A3,,,,,,RAF1,,SUV39H1,SLC6A8,STC2,SLC7A5,,STMN1,SAP30,,SMOX,SLC2A3,SLC39A8,,ROS1,,SP110,SPRR3,SPARCL1,SHROOM2,SORD,SRSF3,,SH2B1,,TCIRG1,TGFB1,,,,,,,,SLC2A3,,,,,RETSAT,
SLC27A1,RPS19,,,SLIT2,,,,,,RASGRP1,,SYNCRIP,SLIT2,SULT2B1,SLC9A3R1,,SUV39H1,SDC1,,SNCA,SLC2A5,SMPDL3A,,RTP4,,SPPL2A,SPTBN2,SPON1,SMC1A,SQLE,SSB,,SH3BGR,,TIMM10,TM4SF1,,,,,,,,SLC2A6,,,,,SAR1B,
SLC5A6,RPS3A,,,SORBS3,,,,,,RCE1,,TACC3,SLIT3,SVIL,SNX10,,SYNCRIP,SDC2,,SPTA1,SLC37A4,SNX14,,SCARF1,,SRI,SSTR4,SPP1,SMC3,SQSTM1,SSBP1,,SIRT2,,TIMM13,TM7SF3,,,,,,,,SMAD3,,,,,SERPINA6,
SNCG,RPS9,,,SPEG,,,,,,RHOG,,TBRG4,SNAI2,SYBU,SORD,,TACC3,SDC3,,SPTB,SLC6A6,SNX9,,SCN1B,,SSPN,STAG3,SPRY2,SMC4,SRD5A1,STARD7,,SLC6A8,,TIMM17A,TNFSF9,,,,,,,,SNN,,,,,SERPINE1,
SOD1,SIT1,,,SRC,,,,,,RNF4,,TCF19,SNTB1,SYNGR1,SOX3,,TFDP1,SDHC,,SYNJ1,SRPX,SOCS1,,SELE,,ST3GAL5,SYNPO,ST6GAL1,SORBS2,SSR1,SYNCRIP,,SLN,,TIMM50,TNNI1,,,,,,,,SOCS3,,,,,SERTAD1,
SORBS1,SOCS1,,,STX4,,,,,,S100A12,,TFRC,SPARC,SYT12,ST14,,TGFB1,SLC16A3,,TAL1,STC1,SOCS2,,SELL,,ST8SIA4,TAS2R4,STRN,SOS1,STARD4,TARDBP,,SMTN,,TIMM8B,TOB1,,,,,,,,SOD2,,,,,SHMT2,
SPARCL1,SOCS5,,,SYK,,,,,,S100A9,,TIMELESS,SPOCK1,TFAP2C,ST6GALNAC2,,TLE3,SLC25A10,,TCEA1,STC2,SPP1,,SEMA4D,,STAT1,TCF7L1,TFPI,SPTAN1,STC1,TCP1,,SOD3,,TIMM9,TP53,,,,,,,,SPHK1,,,,,SLC12A4,
SSPN,SPI1,,,SYMPK,,,,,,SCG3,,TIPIN,SPP1,TFF1,STIL,,TMPO,SLC25A13,,TFDP2,SULT2B1,SPRED2,,SERPINE1,,STAT2,TCL1A,TLR8,SPTBN1,STIP1,TFDP1,,SORBS1,,TOMM22,TP63,,,,,,,,SPSB1,,,,,SLC1A5,
STAT5A,SRGN,,,TAOK2,,,,,,SERPINA1,,TK1,TAGLN,TFF3,SULT2B1,,TNPO2,SLC35A3,,TFRC,TES,SPRY4,,SGMS2,,STAT3,TEX15,TMEM100,SSH2,SYTL2,TRA2B,,SORBS3,,UQCR10,TPD52L1,,,,,,,,SQSTM1,,,,,SLC22A1,
STOM,ST8SIA4,,,TGFBI,,,,,,SERPINB2,,TMPO,TFPI2,TGIF2,TFAP2C,,TOP1,SLC37A4,,TMCC2,TGFBI,ST3GAL4,,SLAMF1,,TAP1,TFAP2B,TMEM158,STAU1,TBK1,TRIM28,,SPARC,,UQCR11,TPRKB,,,,,,,,STAT5A,,,,,SLC35B1,
SUCLG1,STAB1,,,THBS3,,,,,,SERPINC1,,TOP2A,TGFB1,TGM2,TFF1,,TOP2A,SOD1,,TMEM9B,TGM2,SWAP70,,SLC11A2,,TAPBP,TFCP2L1,TMEM176A,STK38L,TCEA1,TUFM,,SPDEF,,UQCRB,TRAF4,,,,,,,,TANK,,,,,SLC35D1,
SULT1A1,STAT1,,,THY1,,,,,,SERPINE1,,TP53,TGFBI,THSD4,TFF3,,TPX2,SOX9,,TNRC6B,TIPARP,SYNGR2,,SLC1A2,,TDRD7,TFF2,TMEM176B,SUN2,TES,TXNL4A,,SPEG,,UQCRC1,TRAFD1,,,,,,,,TAP1,,,,,SLC46A3,
TALDO1,STAT4,,,TIAL1,,,,,,SERPING1,,TRA2B,TGFBR3,TIAM1,TFPI2,,TRA2B,SPAG4,,TNS1,TKTL1,SYT11,,SLC31A1,,TNFAIP2,TG,TNFAIP3,SYNPO,TFRC,TYMS,,SPHK1,,UQCRC2,TRIAP1,,,,,,,,TGIF1,,,,,SLC6A12,
TANK,TAP1,,,TJP1,,,,,,SH2B3,,TRIP13,TGM2,TIPARP,TH,,TRAIP,SRD5A3,,TOP1,TMEM45A,TGM2,,SLC31A2,,TNFAIP3,TGFB2,TNFRSF1B,TAOK2,TM7SF2,U2AF1,,SPTAN1,,UQCRFS1,TRIB3,,,,,,,,TIPARP,,,,,SLC6A6,
TKT,TAP2,,,TMEM8B,,,,,,SIRT6,,TUBB,THBS1,TJP3,TIAM1,,TROAP,STC1,,TRAK2,TNFAIP3,TIAM1,,SLC4A4,,TNFAIP6,TGM1,TNNT2,TBCD,TMEM97,UBA2,,SSPN,,UQCRH,TSC22D1,,,,,,,,TLR2,,,,,SMOX,
TOB1,TAPBP,,,TNFRSF11B,,,,,,SPOCK2,,TUBG1,THBS2,TMEM164,TJP3,,TTK,STC2,,TRIM10,TPBG,TLR7,,SLC7A1,,TNFSF10,THNSL2,TOR1AIP2,TIAM1,TOMM40,UBE2E1,,STC2,,UQCRQ,TSPYL2,,,,,,,,TNC,,,,,SPINT2,
TST,TGFB1,,,TRAF1,,,,,,SRC,,UBE2S,THY1,TMPRSS3,TMPRSS3,,UBE2C,STMN1,,TRIM58,TPD52,TNFRSF18,,SLC7A2,,TOR1B,THRB,TRAF1,TLK1,TPI1,UBE2L3,,SVIL,,VDAC1,TXNIP,,,,,,,,TNF,,,,,SSR3,
UBC,TGFB2,,,TRO,,,,,,STX4,,UBE2T,TIMP1,TOB1,TNNC1,,UBE2S,TALDO1,,TSPAN5,TPI1,TNFRSF1B,,SPHK1,,TRAFD1,TLX1,TRIB1,TOP2A,TRIB3,USP1,,SYNGR2,,VDAC2,UPP1,,,,,,,,TNFAIP2,,,,,TAT,
UBQLN1,THY1,,,TSC1,,,,,,TFPI2,,UBR7,TIMP3,TPBG,TOB1,,UCK2,TFF3,,TSPO2,TPST2,TNFRSF21,,SRI,,TRIM14,TNNI3,TRIB2,TPX2,TUBA4A,VBP1,,TAGLN,,VDAC3,VAMP8,,,,,,,,TNFAIP3,,,,,TDO2,
UCK1,TIMP1,,,TSPAN4,,,,,,TIMP1,,UNG,TNC,TPD52L1,TOP2A,,UPF1,TGFA,,UBAC1,UGP2,TNFRSF4,,STAB1,,TRIM21,TSHB,TSPAN1,TRIO,TUBG1,VDAC1,,TCAP,,,VDR,,,,,,,,TNFAIP6,,,,,TGFB2,
UCP2,TLR1,,,TUBG1,,,,,,TIMP2,,USP1,TNFAIP3,TSKU,TPBG,,WRN,TGFBI,,UCP2,VEGFA,TNFRSF8,,TACR1,,TRIM25,UPK3B,TSPAN13,TSC1,TXNRD1,VDAC3,,TEAD4,,,VWA5A,,,,,,,,TNFAIP8,,,,,TMBIM6,
UQCR10,TLR2,,,VASP,,,,,,TMPRSS6,,WDR90,TNFRSF11B,TTC39A,TPD52L1,,XPO1,TKTL1,,UROD,VHL,TNFRSF9,,TACR3,,TRIM26,VPREB1,TSPAN7,TTK,UBE2D3,XPO1,,TGFB1,,,WWP1,,,,,,,,TNFRSF9,,,,,TMEM176B,
UQCRC1,TLR3,,,VAV2,,,,,,TNFAIP3,,WEE1,TNFRSF12A,TUBB2B,TPSAB1,,YTHDC1,TPBG,,UROS,VLDLR,TNFSF10,,TAPBP,,TXNIP,WNT16,USH1C,TUBA4A,UCHL5,XPOT,,TNNC1,,,XPC,,,,,,,,TNFSF9,,,,,TMEM97,
UQCRQ,TLR6,,,VCAM1,,,,,,USP14,,XPO1,TPM1,UGCG,TRIM29,,,TPI1,,USP15,WSB1,TNFSF11,,TIMP1,,UBE2L6,YBX2,USP12,TUBD1,UFM1,XRCC6,,TNNC2,,,ZBTB16,,,,,,,,TNIP1,,,,,TNFRSF1A,
VEGFB,TNF,,,VCAN,,,,,,USP15,,XRCC6,TPM2,UNC119,TSPAN13,,,TPST1,,VEZF1,XPNPEP1,TRAF1,,TLR1,,UPP1,YPEL1,VWA5A,TUBGCP2,UNG,YWHAE,,TNNI1,,,ZFP36L1,,,,,,,,TNIP2,,,,,TPST1,
YWHAG,TPD52,,,VCL,,,,,,USP16,,ZW10,TPM4,WFS1,TST,,,TXN,,XK,ZFP36,TTC39B,,TLR2,,USP18,ZBTB16,WDR33,TUBGCP3,USO1,YWHAQ,,TNNI2,,,ZMAT3,,,,,,,,TRAF1,,,,,TTPA,
,TRAF2,,,VWF,,,,,,USP8,,,VCAM1,WWC1,UGDH,,,UGP2,,XPO7,ZNF292,TWSG1,,TLR3,,VAMP5,ZNF112,WNT7A,TUBGCP5,VLDLR,,,TNNT1,,,ZNF365,,,,,,,,TRIB1,,,,,TYR,
,TRAT1,,,WNK4,,,,,,VCPIP1,,,VCAN,XBP1,UNC13B,,,VCAN,,YPEL5,,UCK2,,TNFAIP6,,VAMP8,,YRDC,TUBGCP6,XBP1,,,TNNT2,,,,,,,,,,,TRIP10,,,,,UGDH,
,UBE2D1,,,YWHAH,,,,,,WAS,,,VEGFA,ZNF185,WFS1,,,VEGFA,,,,UMPS,,TNFRSF1B,,VCAM1,,ZNF277,UXT,YKT6,,,TNNT3,,,,,,,,,,,TSC22D1,,,,,UPB1,
,UBE2N,,,ZYX,,,,,,XPNPEP1,,,VEGFC,,XBP1,,,VLDLR,,,,WLS,,TNFRSF9,,XAF1,,ZNF639,VCL,,,,TPD52L1,,,,,,,,,,,TUBB2A,,,,,UPP1,
,WAS,,,,,,,,,ZEB1,,,VIM,,XRCC3,,,XYLT2,,,,XBP1,,TNFSF10,,XCL1,,,WASF1,,,,TPM2,,,,,,,,,,,VEGFA,,,,,VNN1,
,ZAP70,,,,,,,,,ZFPM2,,,WNT5A,,ZFP36,,,ZNF292,,,,,,TNFSF15,,ZBP1,,,WASF2,,,,TPM3,,,,,,,,,,,YRDC,,,,,VTN,
,,,,,,,,,,,,,,,,,,,,,,,,TNFSF9,,ZNFX1,,,WASL,,,,TSC2,,,,,,,,,,,ZBTB10,,,,,XDH,
,,,,,,,,,,,,,,,,,,,,,,,,TPBG,,,,,YWHAE,,,,VIPR1,,,,,,,,,,,ZC3H12A,,,,,,
,,,,,,,,,,,,,,,,,,,,,,,,VIP,,,,,,,,,WWTR1,,,,,,,,,,,ZFP36,,,,,,
,,,,,,,,,,,,,,,,,,,,,,,,,,,,,,,,,,,,,,,,,,,,,,,,,,
,,,,,,,,,,,,,,,,,,,,,,,,,,,,,,,,,,,,,,,,,,,,,,,,,,
